step =           0     # clusters =  58          # atoms 403 
 Ind    Pt               R               X               Y               E
  0    4        3.66841450       27.75291049       34.89254495        0.72210192
  1    2        2.89589180        7.92940300       40.70796911        1.10750419
  2    2        3.02835400       53.52347023       38.87151937        1.09970170
  3    6        4.12177150       60.79208965       16.52804761        0.38048965
  4    7        4.91292590      105.06458971       29.38319575        0.18304948
  5    7        4.49813300       72.02541056       26.01637123        0.18630240
  6    4        3.64339340        9.25097016       21.11917194        0.73153563
  7    8        4.58831570       52.20190306       25.40422132        0.00707852
  8    7        4.24008530       86.56264939       16.83412256        0.18249841
  9    8        4.58831570       37.00388065       39.17759433        0.00707852
 10    2        2.89589180       97.13518672       24.79207141        1.10750419
 11    6        4.23008660       87.22343297       43.15656875        0.37585195
 12    2        3.00569040      105.06458971       46.21731831        1.10494276
 13    3        2.98515040       46.25485082       32.75002026        0.91199504
 14    7        4.18914480        7.26861941       13.46729805        0.19132231
 15    2        2.89589180       33.03917915       20.50702203        1.10750419
 16    3        2.82758590       95.81361955       16.52804761        0.91510903
 17    2        3.00569040       18.50194033       35.81076982        1.10494276
 18    3        2.82758590       18.50194033       14.69159787        0.91510903
 19    2        3.02186050       81.27638072       38.87151937        1.09778751
 20    3        2.82758590       98.45675388       44.99301849        0.91510903
 21    3        3.00402900       70.04305981       43.15656875        0.90056183
 22    2        2.89589180       55.50582098       10.71262345        1.10750419
 23    6        4.23008660       21.80585824       27.24067106        0.37585195
 24    7        4.91292590       97.13518672       35.19861991        0.18304948
 25    2        3.00569040       13.87645525        9.79439858        1.10494276
 26    6        3.96246530       61.45287323       40.70796911        0.37906140
 27    2        2.89589180       44.93328365       42.54441884        1.10750419
 28    2        3.00569040       86.56264939       35.19861991        1.10494276
 29    7        4.92185880      103.74302255       12.24299823        0.19230703
 30    2        3.02835400        7.92940300       34.58646999        1.09970170
 31    3        3.00402900       68.06070906       36.11684477        0.90056183
 32    2        3.00569040       20.48429108       46.52339327        1.10494276
 33    4        3.21905940      103.08223896       21.11917194        0.73305648
 34    2        3.00569040        1.32156717       21.42524690        1.10494276
 35    8        4.40447030       35.02152990       29.07712079        0.01320434
 36    4        3.06230590       15.85880599       42.54441884        0.72929952
 37    2        2.97661120       50.88033590       46.52339327        1.10750419
 38    4        3.00760240       91.18813447       24.17992150        0.73571588
 39    7        4.78649100       41.62936574       22.34347177        0.18388096
 40    2        2.89589180       61.45287323       26.93459610        1.10750419
 41    8        4.40447030       25.77055974       17.44627247        0.01320434
 42    6        4.23008660       81.27638072       26.93459610        0.37585195
 43    4        3.06230590       56.16660456       33.36217017        0.72929952
 44    2        3.02186050       13.21567166       26.62852115        1.09778751
 45    4        3.21905940       78.63324639       18.97664725        0.73305648
 46    2        3.00569040       27.75291049       42.54441884        1.10494276
 47    5        3.77486430       74.66854489       34.28039504        0.54175170
 48    2        2.97661120       65.41757473       22.34347177        1.10750419
 49    4        3.09045000       53.52347023       17.75234743        0.73606268
 50    4        3.09045000       76.65089564       43.15656875        0.73606268
 51    2        2.89589180       62.77444039       33.05609522        1.10750419
 52    2        3.00569040       16.51958958       21.42524690        1.10494276
 53    3        2.82758590       23.12742541       10.71262345        0.91510903
 54    3        2.82758590       90.52735088       30.60749557        0.91510903
 55    4        3.66841450       55.93509926        2.54299059        0.72210192
 56   81        9.02105710       39.13365455        5.44042564      -13.95633842
 57  179       10.68424173       74.89771918        3.66100492      -32.86050117

step =           1     # clusters =  56          # atoms 482 
 Ind    Pt               R               X               Y               E
  0    4        3.66841450       27.75291049       34.89254495        0.72210192
  1    2        2.89589180        7.92940300       40.70796911        1.10750419
  2    2        3.02835400       53.52347023       38.87151937        1.09970170
  3    6        4.12177150       60.79208965       16.52804761        0.38048965
  4    7        4.91292590      105.06458971       29.38319575        0.18304948
  5    7        4.49813300       72.02541056       26.01637123        0.18630240
  6    4        3.64339340        9.25097016       21.11917194        0.73153563
  7    8        4.58831570       52.20190306       25.40422132        0.00707852
  8    7        4.24008530       86.56264939       16.83412256        0.18249841
  9    8        4.58831570       37.00388065       39.17759433        0.00707852
 10    2        2.89589180       97.13518672       24.79207141        1.10750419
 11    6        4.23008660       87.22343297       43.15656875        0.37585195
 12    2        3.00569040      105.06458971       46.21731831        1.10494276
 13    3        2.98515040       46.25485082       32.75002026        0.91199504
 14    7        4.18914480        7.26861941       13.46729805        0.19132231
 15    2        2.89589180       33.03917915       20.50702203        1.10750419
 16    3        2.82758590       95.81361955       16.52804761        0.91510903
 17    2        3.00569040       18.50194033       35.81076982        1.10494276
 18    3        2.82758590       18.50194033       14.69159787        0.91510903
 19    2        3.02186050       81.27638072       38.87151937        1.09778751
 20    3        2.82758590       98.45675388       44.99301849        0.91510903
 21    2        2.89589180       55.50582098       10.71262345        1.10750419
 22    6        4.23008660       21.80585824       27.24067106        0.37585195
 23    2        3.00569040       13.87645525        9.79439858        1.10494276
 24    6        3.96246530       61.45287323       40.70796911        0.37906140
 25    2        2.89589180       44.93328365       42.54441884        1.10750419
 26    1        1.75000000       86.56264939       35.19861991        1.29299607
 27    7        4.92185880      103.74302255       12.24299823        0.19230703
 28    2        3.02835400        7.92940300       34.58646999        1.09970170
 29    3        3.00402900       68.06070906       36.11684477        0.90056183
 30    2        3.00569040       20.48429108       46.52339327        1.10494276
 31    4        3.21905940      103.08223896       21.11917194        0.73305648
 32    2        3.00569040        1.32156717       21.42524690        1.10494276
 33    8        4.40447030       35.02152990       29.07712079        0.01320434
 34    4        3.06230590       15.85880599       42.54441884        0.72929952
 35    2        2.97661120       50.88033590       46.52339327        1.10750419
 36    4        3.00760240       91.18813447       24.17992150        0.73571588
 37    7        4.78649100       41.62936574       22.34347177        0.18388096
 38    2        2.89589180       61.45287323       26.93459610        1.10750419
 39    8        4.40447030       25.77055974       17.44627247        0.01320434
 40    6        4.23008660       81.27638072       26.93459610        0.37585195
 41    4        3.06230590       56.16660456       33.36217017        0.72929952
 42    2        3.02186050       13.21567166       26.62852115        1.09778751
 43    4        3.21905940       78.63324639       18.97664725        0.73305648
 44    2        3.00569040       27.75291049       42.54441884        1.10494276
 45    5        3.77486430       74.66854489       34.28039504        0.54175170
 46    2        2.97661120       65.41757473       22.34347177        1.10750419
 47    4        3.09045000       53.52347023       17.75234743        0.73606268
 48    4        3.09045000       76.65089564       43.15656875        0.73606268
 49    2        2.89589180       62.77444039       33.05609522        1.10750419
 50    2        3.00569040       16.51958958       21.42524690        1.10494276
 51    3        2.82758590       23.12742541       10.71262345        0.91510903
 52    4        3.66841450       55.93509926        2.54299059        0.72210192
 53   81        9.02105710       39.13365455        5.44042564      -13.95633842
 54   11        4.83328530       94.73233732       33.52912015       -0.56177314
 55  182       10.71910403       76.04603918        2.37778966      -33.44002202

step =           2     # clusters =  56          # atoms 482 
 Ind    Pt               R               X               Y               E
  0    4        3.66841450       27.75291049       34.89254495        0.72210192
  1    2        2.89589180        7.92940300       40.70796911        1.10750419
  2    2        3.02835400       53.52347023       38.87151937        1.09970170
  3    6        4.12177150       60.79208965       16.52804761        0.38048965
  4    7        4.91292590      105.06458971       29.38319575        0.18304948
  5    7        4.49813300       72.02541056       26.01637123        0.18630240
  6    4        3.64339340        9.25097016       21.11917194        0.73153563
  7    8        4.58831570       52.20190306       25.40422132        0.00707852
  8    7        4.24008530       86.56264939       16.83412256        0.18249841
  9    8        4.58831570       37.00388065       39.17759433        0.00707852
 10    2        2.89589180       97.13518672       24.79207141        1.10750419
 11    6        4.23008660       87.22343297       43.15656875        0.37585195
 12    2        3.00569040      105.06458971       46.21731831        1.10494276
 13    3        2.98515040       46.25485082       32.75002026        0.91199504
 14    7        4.18914480        7.26861941       13.46729805        0.19132231
 15    2        2.89589180       33.03917915       20.50702203        1.10750419
 16    3        2.82758590       95.81361955       16.52804761        0.91510903
 17    2        3.00569040       18.50194033       35.81076982        1.10494276
 18    3        2.82758590       18.50194033       14.69159787        0.91510903
 19    2        3.02186050       81.27638072       38.87151937        1.09778751
 20    3        2.82758590       98.45675388       44.99301849        0.91510903
 21    2        2.89589180       55.50582098       10.71262345        1.10750419
 22    6        4.23008660       21.80585824       27.24067106        0.37585195
 23    2        3.00569040       13.87645525        9.79439858        1.10494276
 24    6        3.96246530       61.45287323       40.70796911        0.37906140
 25    2        2.89589180       44.93328365       42.54441884        1.10750419
 26    1        1.75000000       86.56264939       35.19861991        1.29299607
 27    7        4.92185880      103.74302255       12.24299823        0.19230703
 28    2        3.02835400        7.92940300       34.58646999        1.09970170
 29    3        3.00402900       68.06070906       36.11684477        0.90056183
 30    2        3.00569040       20.48429108       46.52339327        1.10494276
 31    4        3.21905940      103.08223896       21.11917194        0.73305648
 32    2        3.00569040        1.32156717       21.42524690        1.10494276
 33    8        4.40447030       35.02152990       29.07712079        0.01320434
 34    4        3.06230590       15.85880599       42.54441884        0.72929952
 35    2        2.97661120       50.88033590       46.52339327        1.10750419
 36    4        3.00760240       91.18813447       24.17992150        0.73571588
 37    7        4.78649100       41.62936574       22.34347177        0.18388096
 38    2        2.89589180       61.45287323       26.93459610        1.10750419
 39    8        4.40447030       25.77055974       17.44627247        0.01320434
 40    6        4.23008660       81.27638072       26.93459610        0.37585195
 41    4        3.06230590       56.16660456       33.36217017        0.72929952
 42    2        3.02186050       13.21567166       26.62852115        1.09778751
 43    4        3.21905940       78.63324639       18.97664725        0.73305648
 44    2        3.00569040       27.75291049       42.54441884        1.10494276
 45    5        3.77486430       74.66854489       34.28039504        0.54175170
 46    2        2.97661120       65.41757473       22.34347177        1.10750419
 47    4        3.09045000       53.52347023       17.75234743        0.73606268
 48    4        3.09045000       76.65089564       43.15656875        0.73606268
 49    2        2.89589180       62.77444039       33.05609522        1.10750419
 50    2        3.00569040       16.51958958       21.42524690        1.10494276
 51    3        2.82758590       23.12742541       10.71262345        0.91510903
 52    4        3.66841450       55.93509926        2.54299059        0.72210192
 53   81        9.02105710       39.13365455        5.44042564      -13.95633842
 54   11        4.83328530       94.73233732       33.52912015       -0.56177314
 55  182       10.71910403       76.04603918        2.37778966      -33.44002202

step =           3     # clusters =  56          # atoms 482 
 Ind    Pt               R               X               Y               E
  0    4        3.66841450       27.75291049       34.89254495        0.72210192
  1    2        2.89589180        7.92940300       40.70796911        1.10750419
  2    2        3.02835400       53.52347023       38.87151937        1.09970170
  3    6        4.12177150       60.79208965       16.52804761        0.38048965
  4    7        4.91292590      105.06458971       29.38319575        0.18304948
  5    7        4.49813300       72.02541056       26.01637123        0.18630240
  6    4        3.64339340        9.25097016       21.11917194        0.73153563
  7    8        4.58831570       52.20190306       25.40422132        0.00707852
  8    7        4.24008530       86.56264939       16.83412256        0.18249841
  9    8        4.58831570       37.00388065       39.17759433        0.00707852
 10    2        2.89589180       97.13518672       24.79207141        1.10750419
 11    6        4.23008660       87.22343297       43.15656875        0.37585195
 12    2        3.00569040      105.06458971       46.21731831        1.10494276
 13    3        2.98515040       46.25485082       32.75002026        0.91199504
 14    7        4.18914480        7.26861941       13.46729805        0.19132231
 15    2        2.89589180       33.03917915       20.50702203        1.10750419
 16    3        2.82758590       95.81361955       16.52804761        0.91510903
 17    2        3.00569040       18.50194033       35.81076982        1.10494276
 18    3        2.82758590       18.50194033       14.69159787        0.91510903
 19    2        3.02186050       81.27638072       38.87151937        1.09778751
 20    3        2.82758590       98.45675388       44.99301849        0.91510903
 21    2        2.89589180       55.50582098       10.71262345        1.10750419
 22    6        4.23008660       21.80585824       27.24067106        0.37585195
 23    2        3.00569040       13.87645525        9.79439858        1.10494276
 24    6        3.96246530       61.45287323       40.70796911        0.37906140
 25    2        2.89589180       44.93328365       42.54441884        1.10750419
 26    1        1.75000000       86.56264939       35.19861991        1.29299607
 27    7        4.92185880      103.74302255       12.24299823        0.19230703
 28    2        3.02835400        7.92940300       34.58646999        1.09970170
 29    3        3.00402900       68.06070906       36.11684477        0.90056183
 30    2        3.00569040       20.48429108       46.52339327        1.10494276
 31    4        3.21905940      103.08223896       21.11917194        0.73305648
 32    2        3.00569040        1.32156717       21.42524690        1.10494276
 33    8        4.40447030       35.02152990       29.07712079        0.01320434
 34    4        3.06230590       15.85880599       42.54441884        0.72929952
 35    2        2.97661120       50.88033590       46.52339327        1.10750419
 36    4        3.00760240       91.18813447       24.17992150        0.73571588
 37    7        4.78649100       41.62936574       22.34347177        0.18388096
 38    2        2.89589180       61.45287323       26.93459610        1.10750419
 39    8        4.40447030       25.77055974       17.44627247        0.01320434
 40    6        4.23008660       81.27638072       26.93459610        0.37585195
 41    4        3.06230590       56.16660456       33.36217017        0.72929952
 42    2        3.02186050       13.21567166       26.62852115        1.09778751
 43    4        3.21905940       78.63324639       18.97664725        0.73305648
 44    2        3.00569040       27.75291049       42.54441884        1.10494276
 45    5        3.77486430       74.66854489       34.28039504        0.54175170
 46    2        2.97661120       65.41757473       22.34347177        1.10750419
 47    4        3.09045000       53.52347023       17.75234743        0.73606268
 48    4        3.09045000       76.65089564       43.15656875        0.73606268
 49    2        2.89589180       62.77444039       33.05609522        1.10750419
 50    2        3.00569040       16.51958958       21.42524690        1.10494276
 51    3        2.82758590       23.12742541       10.71262345        0.91510903
 52    4        3.66841450       55.93509926        2.54299059        0.72210192
 53   81        9.02105710       39.13365455        5.44042564      -13.95633842
 54   11        4.83328530       94.73233732       33.52912015       -0.56177314
 55  182       10.71910403       76.04603918        2.37778966      -33.44002202

step =           4     # clusters =  56          # atoms 482 
 Ind    Pt               R               X               Y               E
  0    4        3.66841450       27.75291049       34.89254495        0.72210192
  1    2        2.89589180        7.92940300       40.70796911        1.10750419
  2    2        3.02835400       53.52347023       38.87151937        1.09970170
  3    6        4.12177150       60.79208965       16.52804761        0.38048965
  4    7        4.91292590      105.06458971       29.38319575        0.18304948
  5    7        4.49813300       72.02541056       26.01637123        0.18630240
  6    4        3.64339340        9.25097016       21.11917194        0.73153563
  7    8        4.58831570       52.20190306       25.40422132        0.00707852
  8    7        4.24008530       86.56264939       16.83412256        0.18249841
  9    8        4.58831570       37.00388065       39.17759433        0.00707852
 10    2        2.89589180       97.13518672       24.79207141        1.10750419
 11    6        4.23008660       87.22343297       43.15656875        0.37585195
 12    2        3.00569040      105.06458971       46.21731831        1.10494276
 13    3        2.98515040       46.25485082       32.75002026        0.91199504
 14    7        4.18914480        7.26861941       13.46729805        0.19132231
 15    2        2.89589180       33.03917915       20.50702203        1.10750419
 16    3        2.82758590       95.81361955       16.52804761        0.91510903
 17    2        3.00569040       18.50194033       35.81076982        1.10494276
 18    3        2.82758590       18.50194033       14.69159787        0.91510903
 19    2        3.02186050       81.27638072       38.87151937        1.09778751
 20    3        2.82758590       98.45675388       44.99301849        0.91510903
 21    2        2.89589180       55.50582098       10.71262345        1.10750419
 22    6        4.23008660       21.80585824       27.24067106        0.37585195
 23    2        3.00569040       13.87645525        9.79439858        1.10494276
 24    6        3.96246530       61.45287323       40.70796911        0.37906140
 25    2        2.89589180       44.93328365       42.54441884        1.10750419
 26    1        1.75000000       86.56264939       35.19861991        1.29299607
 27    7        4.92185880      103.74302255       12.24299823        0.19230703
 28    2        3.02835400        7.92940300       34.58646999        1.09970170
 29    3        3.00402900       68.06070906       36.11684477        0.90056183
 30    2        3.00569040       20.48429108       46.52339327        1.10494276
 31    4        3.21905940      103.08223896       21.11917194        0.73305648
 32    2        3.00569040        1.32156717       21.42524690        1.10494276
 33    8        4.40447030       35.02152990       29.07712079        0.01320434
 34    4        3.06230590       15.85880599       42.54441884        0.72929952
 35    2        2.97661120       50.88033590       46.52339327        1.10750419
 36    4        3.00760240       91.18813447       24.17992150        0.73571588
 37    7        4.78649100       41.62936574       22.34347177        0.18388096
 38    2        2.89589180       61.45287323       26.93459610        1.10750419
 39    8        4.40447030       25.77055974       17.44627247        0.01320434
 40    6        4.23008660       81.27638072       26.93459610        0.37585195
 41    4        3.06230590       56.16660456       33.36217017        0.72929952
 42    2        3.02186050       13.21567166       26.62852115        1.09778751
 43    4        3.21905940       78.63324639       18.97664725        0.73305648
 44    2        3.00569040       27.75291049       42.54441884        1.10494276
 45    5        3.77486430       74.66854489       34.28039504        0.54175170
 46    2        2.97661120       65.41757473       22.34347177        1.10750419
 47    4        3.09045000       53.52347023       17.75234743        0.73606268
 48    4        3.09045000       76.65089564       43.15656875        0.73606268
 49    2        2.89589180       62.77444039       33.05609522        1.10750419
 50    2        3.00569040       16.51958958       21.42524690        1.10494276
 51    3        2.82758590       23.12742541       10.71262345        0.91510903
 52    4        3.66841450       55.93509926        2.54299059        0.72210192
 53   81        9.02105710       39.13365455        5.44042564      -13.95633842
 54   11        4.83328530       94.73233732       33.52912015       -0.56177314
 55  182       10.71910403       76.04603918        2.37778966      -33.44002202

step =           5     # clusters =  56          # atoms 482 
 Ind    Pt               R               X               Y               E
  0    4        3.66841450       27.75291049       34.89254495        0.72210192
  1    2        2.89589180        7.92940300       40.70796911        1.10750419
  2    2        3.02835400       53.52347023       38.87151937        1.09970170
  3    6        4.12177150       60.79208965       16.52804761        0.38048965
  4    7        4.91292590      105.06458971       29.38319575        0.18304948
  5    7        4.49813300       72.02541056       26.01637123        0.18630240
  6    4        3.64339340        9.25097016       21.11917194        0.73153563
  7    8        4.58831570       52.20190306       25.40422132        0.00707852
  8    7        4.24008530       86.56264939       16.83412256        0.18249841
  9    8        4.58831570       37.00388065       39.17759433        0.00707852
 10    2        2.89589180       97.13518672       24.79207141        1.10750419
 11    6        4.23008660       87.22343297       43.15656875        0.37585195
 12    2        3.00569040      105.06458971       46.21731831        1.10494276
 13    3        2.98515040       46.25485082       32.75002026        0.91199504
 14    7        4.18914480        7.26861941       13.46729805        0.19132231
 15    2        2.89589180       33.03917915       20.50702203        1.10750419
 16    3        2.82758590       95.81361955       16.52804761        0.91510903
 17    2        3.00569040       18.50194033       35.81076982        1.10494276
 18    3        2.82758590       18.50194033       14.69159787        0.91510903
 19    2        3.02186050       81.27638072       38.87151937        1.09778751
 20    3        2.82758590       98.45675388       44.99301849        0.91510903
 21    2        2.89589180       55.50582098       10.71262345        1.10750419
 22    6        4.23008660       21.80585824       27.24067106        0.37585195
 23    2        3.00569040       13.87645525        9.79439858        1.10494276
 24    6        3.96246530       61.45287323       40.70796911        0.37906140
 25    2        2.89589180       44.93328365       42.54441884        1.10750419
 26    1        1.75000000       86.56264939       35.19861991        1.29299607
 27    7        4.92185880      103.74302255       12.24299823        0.19230703
 28    2        3.02835400        7.92940300       34.58646999        1.09970170
 29    3        3.00402900       68.06070906       36.11684477        0.90056183
 30    2        3.00569040       20.48429108       46.52339327        1.10494276
 31    4        3.21905940      103.08223896       21.11917194        0.73305648
 32    2        3.00569040        1.32156717       21.42524690        1.10494276
 33    8        4.40447030       35.02152990       29.07712079        0.01320434
 34    4        3.06230590       15.85880599       42.54441884        0.72929952
 35    2        2.97661120       50.88033590       46.52339327        1.10750419
 36    4        3.00760240       91.18813447       24.17992150        0.73571588
 37    7        4.78649100       41.62936574       22.34347177        0.18388096
 38    2        2.89589180       61.45287323       26.93459610        1.10750419
 39    8        4.40447030       25.77055974       17.44627247        0.01320434
 40    6        4.23008660       81.27638072       26.93459610        0.37585195
 41    4        3.06230590       56.16660456       33.36217017        0.72929952
 42    2        3.02186050       13.21567166       26.62852115        1.09778751
 43    4        3.21905940       78.63324639       18.97664725        0.73305648
 44    2        3.00569040       27.75291049       42.54441884        1.10494276
 45    5        3.77486430       74.66854489       34.28039504        0.54175170
 46    2        2.97661120       65.41757473       22.34347177        1.10750419
 47    4        3.09045000       53.52347023       17.75234743        0.73606268
 48    4        3.09045000       76.65089564       43.15656875        0.73606268
 49    2        2.89589180       62.77444039       33.05609522        1.10750419
 50    2        3.00569040       16.51958958       21.42524690        1.10494276
 51    3        2.82758590       23.12742541       10.71262345        0.91510903
 52    4        3.66841450       55.93509926        2.54299059        0.72210192
 53   81        9.02105710       39.13365455        5.44042564      -13.95633842
 54   11        4.83328530       94.73233732       33.52912015       -0.56177314
 55  182       10.71910403       76.04603918        2.37778966      -33.44002202

step =           6     # clusters =  56          # atoms 482 
 Ind    Pt               R               X               Y               E
  0    4        3.66841450       27.75291049       34.89254495        0.72210192
  1    2        2.89589180        7.92940300       40.70796911        1.10750419
  2    2        3.02835400       53.52347023       38.87151937        1.09970170
  3    6        4.12177150       60.79208965       16.52804761        0.38048965
  4    7        4.91292590      105.06458971       29.38319575        0.18304948
  5    7        4.49813300       72.02541056       26.01637123        0.18630240
  6    4        3.64339340        9.25097016       21.11917194        0.73153563
  7    8        4.58831570       52.20190306       25.40422132        0.00707852
  8    7        4.24008530       86.56264939       16.83412256        0.18249841
  9    8        4.58831570       37.00388065       39.17759433        0.00707852
 10    2        2.89589180       97.13518672       24.79207141        1.10750419
 11    6        4.23008660       87.22343297       43.15656875        0.37585195
 12    2        3.00569040      105.06458971       46.21731831        1.10494276
 13    3        2.98515040       46.25485082       32.75002026        0.91199504
 14    7        4.18914480        7.26861941       13.46729805        0.19132231
 15    2        2.89589180       33.03917915       20.50702203        1.10750419
 16    3        2.82758590       95.81361955       16.52804761        0.91510903
 17    2        3.00569040       18.50194033       35.81076982        1.10494276
 18    3        2.82758590       18.50194033       14.69159787        0.91510903
 19    2        3.02186050       81.27638072       38.87151937        1.09778751
 20    3        2.82758590       98.45675388       44.99301849        0.91510903
 21    2        2.89589180       55.50582098       10.71262345        1.10750419
 22    6        4.23008660       21.80585824       27.24067106        0.37585195
 23    2        3.00569040       13.87645525        9.79439858        1.10494276
 24    6        3.96246530       61.45287323       40.70796911        0.37906140
 25    2        2.89589180       44.93328365       42.54441884        1.10750419
 26    1        1.75000000       86.56264939       35.19861991        1.29299607
 27    7        4.92185880      103.74302255       12.24299823        0.19230703
 28    2        3.02835400        7.92940300       34.58646999        1.09970170
 29    3        3.00402900       68.06070906       36.11684477        0.90056183
 30    2        3.00569040       20.48429108       46.52339327        1.10494276
 31    4        3.21905940      103.08223896       21.11917194        0.73305648
 32    2        3.00569040        1.32156717       21.42524690        1.10494276
 33    8        4.40447030       35.02152990       29.07712079        0.01320434
 34    4        3.06230590       15.85880599       42.54441884        0.72929952
 35    2        2.97661120       50.88033590       46.52339327        1.10750419
 36    4        3.00760240       91.18813447       24.17992150        0.73571588
 37    7        4.78649100       41.62936574       22.34347177        0.18388096
 38    2        2.89589180       61.45287323       26.93459610        1.10750419
 39    8        4.40447030       25.77055974       17.44627247        0.01320434
 40    6        4.23008660       81.27638072       26.93459610        0.37585195
 41    4        3.06230590       56.16660456       33.36217017        0.72929952
 42    2        3.02186050       13.21567166       26.62852115        1.09778751
 43    4        3.21905940       78.63324639       18.97664725        0.73305648
 44    2        3.00569040       27.75291049       42.54441884        1.10494276
 45    5        3.77486430       74.66854489       34.28039504        0.54175170
 46    2        2.97661120       65.41757473       22.34347177        1.10750419
 47    4        3.09045000       53.52347023       17.75234743        0.73606268
 48    4        3.09045000       76.65089564       43.15656875        0.73606268
 49    2        2.89589180       62.77444039       33.05609522        1.10750419
 50    2        3.00569040       16.51958958       21.42524690        1.10494276
 51    3        2.82758590       23.12742541       10.71262345        0.91510903
 52    4        3.66841450       55.93509926        2.54299059        0.72210192
 53   81        9.02105710       39.13365455        5.44042564      -13.95633842
 54   11        4.83328530       94.73233732       33.52912015       -0.56177314
 55  182       10.71910403       76.04603918        2.37778966      -33.44002202

step =           7     # clusters =  56          # atoms 482 
 Ind    Pt               R               X               Y               E
  0    4        3.66841450       27.75291049       34.89254495        0.72210192
  1    2        2.89589180        7.92940300       40.70796911        1.10750419
  2    2        3.02835400       53.52347023       38.87151937        1.09970170
  3    6        4.12177150       60.79208965       16.52804761        0.38048965
  4    7        4.91292590      105.06458971       29.38319575        0.18304948
  5    7        4.49813300       72.02541056       26.01637123        0.18630240
  6    4        3.64339340        9.25097016       21.11917194        0.73153563
  7    8        4.58831570       52.20190306       25.40422132        0.00707852
  8    7        4.24008530       86.56264939       16.83412256        0.18249841
  9    8        4.58831570       37.00388065       39.17759433        0.00707852
 10    2        2.89589180       97.13518672       24.79207141        1.10750419
 11    6        4.23008660       87.22343297       43.15656875        0.37585195
 12    2        3.00569040      105.06458971       46.21731831        1.10494276
 13    3        2.98515040       46.25485082       32.75002026        0.91199504
 14    7        4.18914480        7.26861941       13.46729805        0.19132231
 15    2        2.89589180       33.03917915       20.50702203        1.10750419
 16    3        2.82758590       95.81361955       16.52804761        0.91510903
 17    2        3.00569040       18.50194033       35.81076982        1.10494276
 18    3        2.82758590       18.50194033       14.69159787        0.91510903
 19    2        3.02186050       81.27638072       38.87151937        1.09778751
 20    3        2.82758590       98.45675388       44.99301849        0.91510903
 21    2        2.89589180       55.50582098       10.71262345        1.10750419
 22    6        4.23008660       21.80585824       27.24067106        0.37585195
 23    2        3.00569040       13.87645525        9.79439858        1.10494276
 24    6        3.96246530       61.45287323       40.70796911        0.37906140
 25    2        2.89589180       44.93328365       42.54441884        1.10750419
 26    1        1.75000000       86.56264939       35.19861991        1.29299607
 27    7        4.92185880      103.74302255       12.24299823        0.19230703
 28    2        3.02835400        7.92940300       34.58646999        1.09970170
 29    3        3.00402900       68.06070906       36.11684477        0.90056183
 30    2        3.00569040       20.48429108       46.52339327        1.10494276
 31    4        3.21905940      103.08223896       21.11917194        0.73305648
 32    2        3.00569040        1.32156717       21.42524690        1.10494276
 33    8        4.40447030       35.02152990       29.07712079        0.01320434
 34    4        3.06230590       15.85880599       42.54441884        0.72929952
 35    2        2.97661120       50.88033590       46.52339327        1.10750419
 36    4        3.00760240       91.18813447       24.17992150        0.73571588
 37    7        4.78649100       41.62936574       22.34347177        0.18388096
 38    2        2.89589180       61.45287323       26.93459610        1.10750419
 39    8        4.40447030       25.77055974       17.44627247        0.01320434
 40    6        4.23008660       81.27638072       26.93459610        0.37585195
 41    4        3.06230590       56.16660456       33.36217017        0.72929952
 42    2        3.02186050       13.21567166       26.62852115        1.09778751
 43    4        3.21905940       78.63324639       18.97664725        0.73305648
 44    2        3.00569040       27.75291049       42.54441884        1.10494276
 45    5        3.77486430       74.66854489       34.28039504        0.54175170
 46    2        2.97661120       65.41757473       22.34347177        1.10750419
 47    4        3.09045000       53.52347023       17.75234743        0.73606268
 48    4        3.09045000       76.65089564       43.15656875        0.73606268
 49    2        2.89589180       62.77444039       33.05609522        1.10750419
 50    2        3.00569040       16.51958958       21.42524690        1.10494276
 51    3        2.82758590       23.12742541       10.71262345        0.91510903
 52    4        3.66841450       55.93509926        2.54299059        0.72210192
 53   81        9.02105710       39.13365455        5.44042564      -13.95633842
 54   11        4.83328530       94.73233732       33.52912015       -0.56177314
 55  182       10.71910403       76.04603918        2.37778966      -33.44002202

step =           8     # clusters =  56          # atoms 482 
 Ind    Pt               R               X               Y               E
  0    4        3.66841450       27.75291049       34.89254495        0.72210192
  1    2        2.89589180        7.92940300       40.70796911        1.10750419
  2    2        3.02835400       53.52347023       38.87151937        1.09970170
  3    6        4.12177150       60.79208965       16.52804761        0.38048965
  4    7        4.91292590      105.06458971       29.38319575        0.18304948
  5    6        4.14230440       72.02541056       26.01637123        0.36589531
  6    4        3.64339340        9.25097016       21.11917194        0.73153563
  7    8        4.58831570       52.20190306       25.40422132        0.00707852
  8    7        4.24008530       86.56264939       16.83412256        0.18249841
  9    8        4.58831570       37.00388065       39.17759433        0.00707852
 10    2        2.89589180       97.13518672       24.79207141        1.10750419
 11    6        4.23008660       87.22343297       43.15656875        0.37585195
 12    2        3.00569040      105.06458971       46.21731831        1.10494276
 13    3        2.98515040       46.25485082       32.75002026        0.91199504
 14    7        4.18914480        7.26861941       13.46729805        0.19132231
 15    2        2.89589180       33.03917915       20.50702203        1.10750419
 16    3        2.82758590       95.81361955       16.52804761        0.91510903
 17    2        3.00569040       18.50194033       35.81076982        1.10494276
 18    3        2.82758590       18.50194033       14.69159787        0.91510903
 19    2        3.02186050       81.27638072       38.87151937        1.09778751
 20    3        2.82758590       98.45675388       44.99301849        0.91510903
 21    2        2.89589180       55.50582098       10.71262345        1.10750419
 22    6        4.23008660       21.80585824       27.24067106        0.37585195
 23    2        3.00569040       13.87645525        9.79439858        1.10494276
 24    6        3.96246530       61.45287323       40.70796911        0.37906140
 25    2        2.89589180       44.93328365       42.54441884        1.10750419
 26    1        1.75000000       86.56264939       35.19861991        1.29299607
 27    7        4.92185880      103.74302255       12.24299823        0.19230703
 28    2        3.02835400        7.92940300       34.58646999        1.09970170
 29    3        3.00402900       68.06070906       36.11684477        0.90056183
 30    2        3.00569040       20.48429108       46.52339327        1.10494276
 31    4        3.21905940      103.08223896       21.11917194        0.73305648
 32    2        3.00569040        1.32156717       21.42524690        1.10494276
 33    8        4.40447030       35.02152990       29.07712079        0.01320434
 34    4        3.06230590       15.85880599       42.54441884        0.72929952
 35    2        2.97661120       50.88033590       46.52339327        1.10750419
 36    4        3.00760240       91.18813447       24.17992150        0.73571588
 37    7        4.78649100       41.62936574       22.34347177        0.18388096
 38    2        2.89589180       61.45287323       26.93459610        1.10750419
 39    8        4.40447030       25.77055974       17.44627247        0.01320434
 40    7        4.24008530       81.27638072       26.93459610        0.18249841
 41    4        3.06230590       56.16660456       33.36217017        0.72929952
 42    2        3.02186050       13.21567166       26.62852115        1.09778751
 43    4        3.21905940       78.63324639       18.97664725        0.73305648
 44    2        3.00569040       27.75291049       42.54441884        1.10494276
 45    5        3.77486430       74.66854489       34.28039504        0.54175170
 46    2        2.97661120       65.41757473       22.34347177        1.10750419
 47    4        3.09045000       53.52347023       17.75234743        0.73606268
 48    4        3.09045000       76.65089564       43.15656875        0.73606268
 49    2        2.89589180       62.77444039       33.05609522        1.10750419
 50    2        3.00569040       16.51958958       21.42524690        1.10494276
 51    3        2.82758590       23.12742541       10.71262345        0.91510903
 52    4        3.66841450       55.93509926        2.54299059        0.72210192
 53   81        9.02105710       39.13365455        5.44042564      -13.95633842
 54   11        4.83328530       94.73233732       33.52912015       -0.56177314
 55  182       10.71910403       76.04603918        2.37778966      -33.44002202

step =           9     # clusters =  56          # atoms 482 
 Ind    Pt               R               X               Y               E
  0    4        3.66841450       27.75291049       34.89254495        0.72210192
  1    2        2.89589180        7.92940300       40.70796911        1.10750419
  2    2        3.02835400       53.52347023       38.87151937        1.09970170
  3    6        4.12177150       60.79208965       16.52804761        0.38048965
  4    7        4.91292590      105.06458971       29.38319575        0.18304948
  5    6        4.14230440       72.02541056       26.01637123        0.36589531
  6    4        3.64339340        9.25097016       21.11917194        0.73153563
  7    8        4.58831570       52.20190306       25.40422132        0.00707852
  8    7        4.24008530       86.56264939       16.83412256        0.18249841
  9    8        4.58831570       37.00388065       39.17759433        0.00707852
 10    2        2.89589180       97.13518672       24.79207141        1.10750419
 11    6        4.23008660       87.22343297       43.15656875        0.37585195
 12    2        3.00569040      105.06458971       46.21731831        1.10494276
 13    3        2.98515040       46.25485082       32.75002026        0.91199504
 14    7        4.18914480        7.26861941       13.46729805        0.19132231
 15    2        2.89589180       33.03917915       20.50702203        1.10750419
 16    3        2.82758590       95.81361955       16.52804761        0.91510903
 17    2        3.00569040       18.50194033       35.81076982        1.10494276
 18    3        2.82758590       18.50194033       14.69159787        0.91510903
 19    2        3.02186050       81.27638072       38.87151937        1.09778751
 20    3        2.82758590       98.45675388       44.99301849        0.91510903
 21    2        2.89589180       55.50582098       10.71262345        1.10750419
 22    6        4.23008660       21.80585824       27.24067106        0.37585195
 23    2        3.00569040       13.87645525        9.79439858        1.10494276
 24    6        3.96246530       61.45287323       40.70796911        0.37906140
 25    2        2.89589180       44.93328365       42.54441884        1.10750419
 26    1        1.75000000       86.56264939       35.19861991        1.29299607
 27    7        4.92185880      103.74302255       12.24299823        0.19230703
 28    2        3.02835400        7.92940300       34.58646999        1.09970170
 29    3        3.00402900       68.06070906       36.11684477        0.90056183
 30    2        3.00569040       20.48429108       46.52339327        1.10494276
 31    4        3.21905940      103.08223896       21.11917194        0.73305648
 32    2        3.00569040        1.32156717       21.42524690        1.10494276
 33    8        4.40447030       35.02152990       29.07712079        0.01320434
 34    4        3.06230590       15.85880599       42.54441884        0.72929952
 35    2        2.97661120       50.88033590       46.52339327        1.10750419
 36    4        3.00760240       91.18813447       24.17992150        0.73571588
 37    7        4.78649100       41.62936574       22.34347177        0.18388096
 38    2        2.89589180       61.45287323       26.93459610        1.10750419
 39    8        4.40447030       25.77055974       17.44627247        0.01320434
 40    7        4.24008530       81.27638072       26.93459610        0.18249841
 41    4        3.06230590       56.16660456       33.36217017        0.72929952
 42    2        3.02186050       13.21567166       26.62852115        1.09778751
 43    4        3.21905940       78.63324639       18.97664725        0.73305648
 44    2        3.00569040       27.75291049       42.54441884        1.10494276
 45    5        3.77486430       74.66854489       34.28039504        0.54175170
 46    2        2.97661120       65.41757473       22.34347177        1.10750419
 47    4        3.09045000       53.52347023       17.75234743        0.73606268
 48    4        3.09045000       76.65089564       43.15656875        0.73606268
 49    2        2.89589180       62.77444039       33.05609522        1.10750419
 50    2        3.00569040       16.51958958       21.42524690        1.10494276
 51    3        2.82758590       23.12742541       10.71262345        0.91510903
 52    4        3.66841450       55.93509926        2.54299059        0.72210192
 53   81        9.02105710       39.13365455        5.44042564      -13.95633842
 54   11        4.83328530       94.73233732       33.52912015       -0.56177314
 55  182       10.71910403       76.04603918        2.37778966      -33.44002202

step =          10     # clusters =  56          # atoms 482 
 Ind    Pt               R               X               Y               E
  0    4        3.66841450       27.75291049       34.89254495        0.72210192
  1    2        2.89589180        7.92940300       40.70796911        1.10750419
  2    2        3.02835400       53.52347023       38.87151937        1.09970170
  3    6        4.12177150       60.79208965       16.52804761        0.38048965
  4    7        4.91292590      105.06458971       29.38319575        0.18304948
  5    6        4.14230440       72.02541056       26.01637123        0.36589531
  6    4        3.64339340        9.25097016       21.11917194        0.73153563
  7    8        4.58831570       52.20190306       25.40422132        0.00707852
  8    7        4.24008530       86.56264939       16.83412256        0.18249841
  9    8        4.58831570       37.00388065       39.17759433        0.00707852
 10    2        2.89589180       97.13518672       24.79207141        1.10750419
 11    6        4.23008660       87.22343297       43.15656875        0.37585195
 12    2        3.00569040      105.06458971       46.21731831        1.10494276
 13    3        2.98515040       46.25485082       32.75002026        0.91199504
 14    7        4.18914480        7.26861941       13.46729805        0.19132231
 15    2        2.89589180       33.03917915       20.50702203        1.10750419
 16    3        2.82758590       95.81361955       16.52804761        0.91510903
 17    2        3.00569040       18.50194033       35.81076982        1.10494276
 18    3        2.82758590       18.50194033       14.69159787        0.91510903
 19    2        3.02186050       81.27638072       38.87151937        1.09778751
 20    3        2.82758590       98.45675388       44.99301849        0.91510903
 21    2        2.89589180       55.50582098       10.71262345        1.10750419
 22    6        4.23008660       21.80585824       27.24067106        0.37585195
 23    2        3.00569040       13.87645525        9.79439858        1.10494276
 24    6        3.96246530       61.45287323       40.70796911        0.37906140
 25    2        2.89589180       44.93328365       42.54441884        1.10750419
 26    1        1.75000000       86.56264939       35.19861991        1.29299607
 27    7        4.92185880      103.74302255       12.24299823        0.19230703
 28    2        3.02835400        7.92940300       34.58646999        1.09970170
 29    3        3.00402900       68.06070906       36.11684477        0.90056183
 30    2        3.00569040       20.48429108       46.52339327        1.10494276
 31    4        3.21905940      103.08223896       21.11917194        0.73305648
 32    2        3.00569040        1.32156717       21.42524690        1.10494276
 33    8        4.40447030       35.02152990       29.07712079        0.01320434
 34    4        3.06230590       15.85880599       42.54441884        0.72929952
 35    2        2.97661120       50.88033590       46.52339327        1.10750419
 36    4        3.00760240       91.18813447       24.17992150        0.73571588
 37    7        4.78649100       41.62936574       22.34347177        0.18388096
 38    2        2.89589180       61.45287323       26.93459610        1.10750419
 39    8        4.40447030       25.77055974       17.44627247        0.01320434
 40    7        4.24008530       81.27638072       26.93459610        0.18249841
 41    4        3.06230590       56.16660456       33.36217017        0.72929952
 42    2        3.02186050       13.21567166       26.62852115        1.09778751
 43    4        3.21905940       78.63324639       18.97664725        0.73305648
 44    2        3.00569040       27.75291049       42.54441884        1.10494276
 45    5        3.77486430       74.66854489       34.28039504        0.54175170
 46    2        2.97661120       65.41757473       22.34347177        1.10750419
 47    4        3.09045000       53.52347023       17.75234743        0.73606268
 48    4        3.09045000       76.65089564       43.15656875        0.73606268
 49    2        2.89589180       62.77444039       33.05609522        1.10750419
 50    2        3.00569040       16.51958958       21.42524690        1.10494276
 51    3        2.82758590       23.12742541       10.71262345        0.91510903
 52    4        3.66841450       55.93509926        2.54299059        0.72210192
 53   81        9.02105710       39.13365455        5.44042564      -13.95633842
 54   11        4.83328530       94.73233732       33.52912015       -0.56177314
 55  182       10.71910403       76.04603918        2.37778966      -33.44002202

step =          11     # clusters =  56          # atoms 482 
 Ind    Pt               R               X               Y               E
  0    4        3.66841450       27.75291049       34.89254495        0.72210192
  1    2        2.89589180        7.92940300       40.70796911        1.10750419
  2    2        3.02835400       53.52347023       38.87151937        1.09970170
  3    6        4.12177150       60.79208965       16.52804761        0.38048965
  4    6        4.14230440      105.06458971       29.38319575        0.36589531
  5    6        4.14230440       72.02541056       26.01637123        0.36589531
  6    4        3.64339340        9.25097016       21.11917194        0.73153563
  7    8        4.58831570       52.20190306       25.40422132        0.00707852
  8    7        4.24008530       86.56264939       16.83412256        0.18249841
  9    8        4.58831570       37.00388065       39.17759433        0.00707852
 10    2        2.89589180       97.13518672       24.79207141        1.10750419
 11    6        4.23008660       87.22343297       43.15656875        0.37585195
 12    2        3.00569040      105.06458971       46.21731831        1.10494276
 13    3        2.98515040       46.25485082       32.75002026        0.91199504
 14    7        4.18914480        7.26861941       13.46729805        0.19132231
 15    2        2.89589180       33.03917915       20.50702203        1.10750419
 16    3        2.82758590       95.81361955       16.52804761        0.91510903
 17    2        3.00569040       18.50194033       35.81076982        1.10494276
 18    3        2.82758590       18.50194033       14.69159787        0.91510903
 19    2        3.02186050       81.27638072       38.87151937        1.09778751
 20    3        2.82758590       98.45675388       44.99301849        0.91510903
 21    2        2.89589180       55.50582098       10.71262345        1.10750419
 22    6        4.23008660       21.80585824       27.24067106        0.37585195
 23    2        3.00569040       13.87645525        9.79439858        1.10494276
 24    6        3.96246530       61.45287323       40.70796911        0.37906140
 25    2        2.89589180       44.93328365       42.54441884        1.10750419
 26    1        1.75000000       86.56264939       35.19861991        1.29299607
 27    7        4.92185880      103.74302255       12.24299823        0.19230703
 28    2        3.02835400        7.92940300       34.58646999        1.09970170
 29    3        3.00402900       68.06070906       36.11684477        0.90056183
 30    2        3.00569040       20.48429108       46.52339327        1.10494276
 31    4        3.21905940      103.08223896       21.11917194        0.73305648
 32    2        3.00569040        1.32156717       21.42524690        1.10494276
 33    8        4.40447030       35.02152990       29.07712079        0.01320434
 34    4        3.06230590       15.85880599       42.54441884        0.72929952
 35    2        2.97661120       50.88033590       46.52339327        1.10750419
 36    4        3.00760240       91.18813447       24.17992150        0.73571588
 37    7        4.78649100       41.62936574       22.34347177        0.18388096
 38    2        2.89589180       61.45287323       26.93459610        1.10750419
 39    8        4.40447030       25.77055974       17.44627247        0.01320434
 40    7        4.24008530       81.27638072       26.93459610        0.18249841
 41    4        3.06230590       56.16660456       33.36217017        0.72929952
 42    2        3.02186050       13.21567166       26.62852115        1.09778751
 43    4        3.21905940       78.63324639       18.97664725        0.73305648
 44    2        3.00569040       27.75291049       42.54441884        1.10494276
 45    5        3.77486430       74.66854489       34.28039504        0.54175170
 46    2        2.97661120       65.41757473       22.34347177        1.10750419
 47    4        3.09045000       53.52347023       17.75234743        0.73606268
 48    4        3.09045000       76.65089564       43.15656875        0.73606268
 49    2        2.89589180       62.77444039       33.05609522        1.10750419
 50    2        3.00569040       16.51958958       21.42524690        1.10494276
 51    3        2.82758590       23.12742541       10.71262345        0.91510903
 52    4        3.66841450       55.93509926        2.54299059        0.72210192
 53   81        9.02105710       39.13365455        5.44042564      -13.95633842
 54   12        5.01579170       94.73233732       33.52912015       -0.74987054
 55  182       10.71910403       76.04603918        2.37778966      -33.44002202

step =          12     # clusters =  56          # atoms 482 
 Ind    Pt               R               X               Y               E
  0    4        3.66841450       27.75291049       34.89254495        0.72210192
  1    2        2.89589180        7.92940300       40.70796911        1.10750419
  2    2        3.02835400       53.52347023       38.87151937        1.09970170
  3    6        4.12177150       60.79208965       16.52804761        0.38048965
  4    6        4.14230440      105.06458971       29.38319575        0.36589531
  5    6        4.14230440       72.02541056       26.01637123        0.36589531
  6    4        3.64339340        9.25097016       21.11917194        0.73153563
  7    8        4.58831570       52.20190306       25.40422132        0.00707852
  8    7        4.24008530       86.56264939       16.83412256        0.18249841
  9    8        4.58831570       37.00388065       39.17759433        0.00707852
 10    2        2.89589180       97.13518672       24.79207141        1.10750419
 11    6        4.23008660       87.22343297       43.15656875        0.37585195
 12    2        3.00569040      105.06458971       46.21731831        1.10494276
 13    3        2.98515040       46.25485082       32.75002026        0.91199504
 14    7        4.18914480        7.26861941       13.46729805        0.19132231
 15    2        2.89589180       33.03917915       20.50702203        1.10750419
 16    3        2.82758590       95.81361955       16.52804761        0.91510903
 17    2        3.00569040       18.50194033       35.81076982        1.10494276
 18    3        2.82758590       18.50194033       14.69159787        0.91510903
 19    2        3.02186050       81.27638072       38.87151937        1.09778751
 20    3        2.82758590       98.45675388       44.99301849        0.91510903
 21    2        2.89589180       55.50582098       10.71262345        1.10750419
 22    6        4.23008660       21.80585824       27.24067106        0.37585195
 23    2        3.00569040       13.87645525        9.79439858        1.10494276
 24    6        3.96246530       61.45287323       40.70796911        0.37906140
 25    2        2.89589180       44.93328365       42.54441884        1.10750419
 26    1        1.75000000       86.56264939       35.19861991        1.29299607
 27    7        4.92185880      103.74302255       12.24299823        0.19230703
 28    2        3.02835400        7.92940300       34.58646999        1.09970170
 29    3        3.00402900       68.06070906       36.11684477        0.90056183
 30    2        3.00569040       20.48429108       46.52339327        1.10494276
 31    4        3.21905940      103.08223896       21.11917194        0.73305648
 32    2        3.00569040        1.32156717       21.42524690        1.10494276
 33    8        4.40447030       35.02152990       29.07712079        0.01320434
 34    4        3.06230590       15.85880599       42.54441884        0.72929952
 35    2        2.97661120       50.88033590       46.52339327        1.10750419
 36    4        3.00760240       91.18813447       24.17992150        0.73571588
 37    7        4.78649100       41.62936574       22.34347177        0.18388096
 38    2        2.89589180       61.45287323       26.93459610        1.10750419
 39    8        4.40447030       25.77055974       17.44627247        0.01320434
 40    7        4.24008530       81.27638072       26.93459610        0.18249841
 41    4        3.06230590       56.16660456       33.36217017        0.72929952
 42    2        3.02186050       13.21567166       26.62852115        1.09778751
 43    4        3.21905940       78.63324639       18.97664725        0.73305648
 44    2        3.00569040       27.75291049       42.54441884        1.10494276
 45    5        3.77486430       74.66854489       34.28039504        0.54175170
 46    2        2.97661120       65.41757473       22.34347177        1.10750419
 47    4        3.09045000       53.52347023       17.75234743        0.73606268
 48    4        3.09045000       76.65089564       43.15656875        0.73606268
 49    2        2.89589180       62.77444039       33.05609522        1.10750419
 50    2        3.00569040       16.51958958       21.42524690        1.10494276
 51    3        2.82758590       23.12742541       10.71262345        0.91510903
 52    4        3.66841450       55.93509926        2.54299059        0.72210192
 53   81        9.02105710       39.13365455        5.44042564      -13.95633842
 54   12        5.01579170       94.73233732       33.52912015       -0.74987054
 55  182       10.71910403       76.04603918        2.37778966      -33.44002202

step =          13     # clusters =  56          # atoms 482 
 Ind    Pt               R               X               Y               E
  0    4        3.66841450       27.75291049       34.89254495        0.72210192
  1    2        2.89589180        7.92940300       40.70796911        1.10750419
  2    2        3.02835400       53.52347023       38.87151937        1.09970170
  3    6        4.12177150       60.79208965       16.52804761        0.38048965
  4    6        4.14230440      105.06458971       29.38319575        0.36589531
  5    6        4.14230440       72.02541056       26.01637123        0.36589531
  6    4        3.64339340        9.25097016       21.11917194        0.73153563
  7    8        4.58831570       52.20190306       25.40422132        0.00707852
  8    7        4.24008530       86.56264939       16.83412256        0.18249841
  9    8        4.58831570       37.00388065       39.17759433        0.00707852
 10    2        2.89589180       97.13518672       24.79207141        1.10750419
 11    6        4.23008660       87.22343297       43.15656875        0.37585195
 12    2        3.00569040      105.06458971       46.21731831        1.10494276
 13    3        2.98515040       46.25485082       32.75002026        0.91199504
 14    7        4.18914480        7.26861941       13.46729805        0.19132231
 15    2        2.89589180       33.03917915       20.50702203        1.10750419
 16    3        2.82758590       95.81361955       16.52804761        0.91510903
 17    2        3.00569040       18.50194033       35.81076982        1.10494276
 18    3        2.82758590       18.50194033       14.69159787        0.91510903
 19    2        3.02186050       81.27638072       38.87151937        1.09778751
 20    3        2.82758590       98.45675388       44.99301849        0.91510903
 21    2        2.89589180       55.50582098       10.71262345        1.10750419
 22    6        4.23008660       21.80585824       27.24067106        0.37585195
 23    2        3.00569040       13.87645525        9.79439858        1.10494276
 24    6        3.96246530       61.45287323       40.70796911        0.37906140
 25    2        2.89589180       44.93328365       42.54441884        1.10750419
 26    1        1.75000000       86.56264939       35.19861991        1.29299607
 27    7        4.92185880      103.74302255       12.24299823        0.19230703
 28    2        3.02835400        7.92940300       34.58646999        1.09970170
 29    3        3.00402900       68.06070906       36.11684477        0.90056183
 30    2        3.00569040       20.48429108       46.52339327        1.10494276
 31    4        3.21905940      103.08223896       21.11917194        0.73305648
 32    2        3.00569040        1.32156717       21.42524690        1.10494276
 33    8        4.40447030       35.02152990       29.07712079        0.01320434
 34    4        3.06230590       15.85880599       42.54441884        0.72929952
 35    2        2.97661120       50.88033590       46.52339327        1.10750419
 36    4        3.00760240       91.18813447       24.17992150        0.73571588
 37    7        4.78649100       41.62936574       22.34347177        0.18388096
 38    2        2.89589180       61.45287323       26.93459610        1.10750419
 39    8        4.40447030       25.77055974       17.44627247        0.01320434
 40    7        4.24008530       81.27638072       26.93459610        0.18249841
 41    4        3.06230590       56.16660456       33.36217017        0.72929952
 42    2        3.02186050       13.21567166       26.62852115        1.09778751
 43    4        3.21905940       78.63324639       18.97664725        0.73305648
 44    2        3.00569040       27.75291049       42.54441884        1.10494276
 45    5        3.77486430       74.66854489       34.28039504        0.54175170
 46    2        2.97661120       65.41757473       22.34347177        1.10750419
 47    4        3.09045000       53.52347023       17.75234743        0.73606268
 48    4        3.09045000       76.65089564       43.15656875        0.73606268
 49    2        2.89589180       62.77444039       33.05609522        1.10750419
 50    2        3.00569040       16.51958958       21.42524690        1.10494276
 51    3        2.82758590       23.12742541       10.71262345        0.91510903
 52    4        3.66841450       55.93509926        2.54299059        0.72210192
 53   81        9.02105710       39.13365455        5.44042564      -13.95633842
 54   12        5.01579170       94.73233732       33.52912015       -0.74987054
 55  182       10.71910403       76.04603918        2.37778966      -33.44002202

step =          14     # clusters =  56          # atoms 482 
 Ind    Pt               R               X               Y               E
  0    4        3.66841450       27.75291049       34.89254495        0.72210192
  1    2        2.89589180        7.92940300       40.70796911        1.10750419
  2    2        3.02835400       53.52347023       38.87151937        1.09970170
  3    6        4.12177150       60.79208965       16.52804761        0.38048965
  4    6        4.14230440      105.06458971       29.38319575        0.36589531
  5    6        4.14230440       72.02541056       26.01637123        0.36589531
  6    4        3.64339340        9.25097016       21.11917194        0.73153563
  7    8        4.58831570       52.20190306       25.40422132        0.00707852
  8    7        4.24008530       86.56264939       16.83412256        0.18249841
  9    8        4.58831570       37.00388065       39.17759433        0.00707852
 10    2        2.89589180       97.13518672       24.79207141        1.10750419
 11    6        4.23008660       87.22343297       43.15656875        0.37585195
 12    2        3.00569040      105.06458971       46.21731831        1.10494276
 13    3        2.98515040       46.25485082       32.75002026        0.91199504
 14    7        4.18914480        7.26861941       13.46729805        0.19132231
 15    2        2.89589180       33.03917915       20.50702203        1.10750419
 16    3        2.82758590       95.81361955       16.52804761        0.91510903
 17    2        3.00569040       18.50194033       35.81076982        1.10494276
 18    3        2.82758590       18.50194033       14.69159787        0.91510903
 19    2        3.02186050       81.27638072       38.87151937        1.09778751
 20    3        2.82758590       98.45675388       44.99301849        0.91510903
 21    2        2.89589180       55.50582098       10.71262345        1.10750419
 22    6        4.23008660       21.80585824       27.24067106        0.37585195
 23    2        3.00569040       13.87645525        9.79439858        1.10494276
 24    6        3.96246530       61.45287323       40.70796911        0.37906140
 25    2        2.89589180       44.93328365       42.54441884        1.10750419
 26    1        1.75000000       86.56264939       35.19861991        1.29299607
 27    7        4.92185880      103.74302255       12.24299823        0.19230703
 28    2        3.02835400        7.92940300       34.58646999        1.09970170
 29    3        3.00402900       68.06070906       36.11684477        0.90056183
 30    2        3.00569040       20.48429108       46.52339327        1.10494276
 31    4        3.21905940      103.08223896       21.11917194        0.73305648
 32    2        3.00569040        1.32156717       21.42524690        1.10494276
 33    8        4.40447030       35.02152990       29.07712079        0.01320434
 34    4        3.06230590       15.85880599       42.54441884        0.72929952
 35    2        2.97661120       50.88033590       46.52339327        1.10750419
 36    4        3.00760240       91.18813447       24.17992150        0.73571588
 37    7        4.78649100       41.62936574       22.34347177        0.18388096
 38    2        2.89589180       61.45287323       26.93459610        1.10750419
 39    8        4.40447030       25.77055974       17.44627247        0.01320434
 40    7        4.24008530       81.27638072       26.93459610        0.18249841
 41    4        3.06230590       56.16660456       33.36217017        0.72929952
 42    2        3.02186050       13.21567166       26.62852115        1.09778751
 43    4        3.21905940       78.63324639       18.97664725        0.73305648
 44    2        3.00569040       27.75291049       42.54441884        1.10494276
 45    5        3.77486430       74.66854489       34.28039504        0.54175170
 46    2        2.97661120       65.41757473       22.34347177        1.10750419
 47    4        3.09045000       53.52347023       17.75234743        0.73606268
 48    4        3.09045000       76.65089564       43.15656875        0.73606268
 49    2        2.89589180       62.77444039       33.05609522        1.10750419
 50    2        3.00569040       16.51958958       21.42524690        1.10494276
 51    3        2.82758590       23.12742541       10.71262345        0.91510903
 52    4        3.66841450       55.93509926        2.54299059        0.72210192
 53   81        9.02105710       39.13365455        5.44042564      -13.95633842
 54   12        5.01579170       94.73233732       33.52912015       -0.74987054
 55  182       10.71910403       76.04603918        2.37778966      -33.44002202

step =          15     # clusters =  56          # atoms 482 
 Ind    Pt               R               X               Y               E
  0    4        3.66841450       27.75291049       34.89254495        0.72210192
  1    2        2.89589180        7.92940300       40.70796911        1.10750419
  2    2        3.02835400       53.52347023       38.87151937        1.09970170
  3    6        4.12177150       60.79208965       16.52804761        0.38048965
  4    6        4.14230440      105.06458971       29.38319575        0.36589531
  5    6        4.14230440       72.02541056       26.01637123        0.36589531
  6    4        3.64339340        9.25097016       21.11917194        0.73153563
  7    8        4.58831570       52.20190306       25.40422132        0.00707852
  8    7        4.24008530       86.56264939       16.83412256        0.18249841
  9    8        4.58831570       37.00388065       39.17759433        0.00707852
 10    2        2.89589180       97.13518672       24.79207141        1.10750419
 11    6        4.23008660       87.22343297       43.15656875        0.37585195
 12    2        3.00569040      105.06458971       46.21731831        1.10494276
 13    3        2.98515040       46.25485082       32.75002026        0.91199504
 14    7        4.18914480        7.26861941       13.46729805        0.19132231
 15    2        2.89589180       33.03917915       20.50702203        1.10750419
 16    3        2.82758590       95.81361955       16.52804761        0.91510903
 17    2        3.00569040       18.50194033       35.81076982        1.10494276
 18    3        2.82758590       18.50194033       14.69159787        0.91510903
 19    2        3.02186050       81.27638072       38.87151937        1.09778751
 20    3        2.82758590       98.45675388       44.99301849        0.91510903
 21    2        2.89589180       55.50582098       10.71262345        1.10750419
 22    6        4.23008660       21.80585824       27.24067106        0.37585195
 23    2        3.00569040       13.87645525        9.79439858        1.10494276
 24    6        3.96246530       61.45287323       40.70796911        0.37906140
 25    2        2.89589180       44.93328365       42.54441884        1.10750419
 26    1        1.75000000       86.56264939       35.19861991        1.29299607
 27    7        4.92185880      103.74302255       12.24299823        0.19230703
 28    2        3.02835400        7.92940300       34.58646999        1.09970170
 29    3        3.00402900       68.06070906       36.11684477        0.90056183
 30    2        3.00569040       20.48429108       46.52339327        1.10494276
 31    4        3.21905940      103.08223896       21.11917194        0.73305648
 32    2        3.00569040        1.32156717       21.42524690        1.10494276
 33    8        4.40447030       35.02152990       29.07712079        0.01320434
 34    4        3.06230590       15.85880599       42.54441884        0.72929952
 35    2        2.97661120       50.88033590       46.52339327        1.10750419
 36    4        3.00760240       91.18813447       24.17992150        0.73571588
 37    7        4.78649100       41.62936574       22.34347177        0.18388096
 38    2        2.89589180       61.45287323       26.93459610        1.10750419
 39    8        4.40447030       25.77055974       17.44627247        0.01320434
 40    7        4.24008530       81.27638072       26.93459610        0.18249841
 41    4        3.06230590       56.16660456       33.36217017        0.72929952
 42    2        3.02186050       13.21567166       26.62852115        1.09778751
 43    4        3.21905940       78.63324639       18.97664725        0.73305648
 44    2        3.00569040       27.75291049       42.54441884        1.10494276
 45    5        3.77486430       74.66854489       34.28039504        0.54175170
 46    2        2.97661120       65.41757473       22.34347177        1.10750419
 47    4        3.09045000       53.52347023       17.75234743        0.73606268
 48    4        3.09045000       76.65089564       43.15656875        0.73606268
 49    2        2.89589180       62.77444039       33.05609522        1.10750419
 50    2        3.00569040       16.51958958       21.42524690        1.10494276
 51    3        2.82758590       23.12742541       10.71262345        0.91510903
 52    4        3.66841450       55.93509926        2.54299059        0.72210192
 53   81        9.02105710       39.13365455        5.44042564      -13.95633842
 54   12        5.01579170       94.73233732       33.52912015       -0.74987054
 55  182       10.71910403       76.04603918        2.37778966      -33.44002202

step =          16     # clusters =  56          # atoms 482 
 Ind    Pt               R               X               Y               E
  0    4        3.66841450       27.75291049       34.89254495        0.72210192
  1    2        2.89589180        7.92940300       40.70796911        1.10750419
  2    2        3.02835400       53.52347023       38.87151937        1.09970170
  3    6        4.12177150       60.79208965       16.52804761        0.38048965
  4    6        4.14230440      105.06458971       29.38319575        0.36589531
  5    6        4.14230440       72.02541056       26.01637123        0.36589531
  6    4        3.64339340        9.25097016       21.11917194        0.73153563
  7    8        4.58831570       52.20190306       25.40422132        0.00707852
  8    7        4.24008530       86.56264939       16.83412256        0.18249841
  9    8        4.58831570       37.00388065       39.17759433        0.00707852
 10    2        2.89589180       97.13518672       24.79207141        1.10750419
 11    6        4.23008660       87.22343297       43.15656875        0.37585195
 12    2        3.00569040      105.06458971       46.21731831        1.10494276
 13    3        2.98515040       46.25485082       32.75002026        0.91199504
 14    7        4.18914480        7.26861941       13.46729805        0.19132231
 15    2        2.89589180       33.03917915       20.50702203        1.10750419
 16    3        2.82758590       95.81361955       16.52804761        0.91510903
 17    2        3.00569040       18.50194033       35.81076982        1.10494276
 18    3        2.82758590       18.50194033       14.69159787        0.91510903
 19    2        3.02186050       81.27638072       38.87151937        1.09778751
 20    3        2.82758590       98.45675388       44.99301849        0.91510903
 21    2        2.89589180       55.50582098       10.71262345        1.10750419
 22    6        4.23008660       21.80585824       27.24067106        0.37585195
 23    2        3.00569040       13.87645525        9.79439858        1.10494276
 24    6        3.96246530       61.45287323       40.70796911        0.37906140
 25    2        2.89589180       44.93328365       42.54441884        1.10750419
 26    1        1.75000000       86.56264939       35.19861991        1.29299607
 27    7        4.92185880      103.74302255       12.24299823        0.19230703
 28    2        3.02835400        7.92940300       34.58646999        1.09970170
 29    3        3.00402900       68.06070906       36.11684477        0.90056183
 30    2        3.00569040       20.48429108       46.52339327        1.10494276
 31    4        3.21905940      103.08223896       21.11917194        0.73305648
 32    2        3.00569040        1.32156717       21.42524690        1.10494276
 33    8        4.40447030       35.02152990       29.07712079        0.01320434
 34    4        3.06230590       15.85880599       42.54441884        0.72929952
 35    2        2.97661120       50.88033590       46.52339327        1.10750419
 36    4        3.00760240       91.18813447       24.17992150        0.73571588
 37    7        4.78649100       41.62936574       22.34347177        0.18388096
 38    2        2.89589180       61.45287323       26.93459610        1.10750419
 39    8        4.40447030       25.77055974       17.44627247        0.01320434
 40    7        4.24008530       81.27638072       26.93459610        0.18249841
 41    4        3.06230590       56.16660456       33.36217017        0.72929952
 42    2        3.02186050       13.21567166       26.62852115        1.09778751
 43    4        3.21905940       78.63324639       18.97664725        0.73305648
 44    2        3.00569040       27.75291049       42.54441884        1.10494276
 45    5        3.77486430       74.66854489       34.28039504        0.54175170
 46    2        2.97661120       65.41757473       22.34347177        1.10750419
 47    4        3.09045000       53.52347023       17.75234743        0.73606268
 48    4        3.09045000       76.65089564       43.15656875        0.73606268
 49    2        2.89589180       62.77444039       33.05609522        1.10750419
 50    2        3.00569040       16.51958958       21.42524690        1.10494276
 51    3        2.82758590       23.12742541       10.71262345        0.91510903
 52    4        3.66841450       55.93509926        2.54299059        0.72210192
 53   81        9.02105710       39.13365455        5.44042564      -13.95633842
 54   12        5.01579170       94.73233732       33.52912015       -0.74987054
 55  182       10.71910403       76.04603918        2.37778966      -33.44002202

step =          17     # clusters =  56          # atoms 482 
 Ind    Pt               R               X               Y               E
  0    4        3.66841450       27.75291049       34.89254495        0.72210192
  1    2        2.89589180        7.92940300       40.70796911        1.10750419
  2    2        3.02835400       53.52347023       38.87151937        1.09970170
  3    6        4.12177150       60.79208965       16.52804761        0.38048965
  4    6        4.14230440      105.06458971       29.38319575        0.36589531
  5    6        4.14230440       72.02541056       26.01637123        0.36589531
  6    4        3.64339340        9.25097016       21.11917194        0.73153563
  7    8        4.58831570       52.20190306       25.40422132        0.00707852
  8    7        4.24008530       86.56264939       16.83412256        0.18249841
  9    8        4.58831570       37.00388065       39.17759433        0.00707852
 10    2        2.89589180       97.13518672       24.79207141        1.10750419
 11    6        4.23008660       87.22343297       43.15656875        0.37585195
 12    2        3.00569040      105.06458971       46.21731831        1.10494276
 13    3        2.98515040       46.25485082       32.75002026        0.91199504
 14    7        4.18914480        7.26861941       13.46729805        0.19132231
 15    2        2.89589180       33.03917915       20.50702203        1.10750419
 16    3        2.82758590       95.81361955       16.52804761        0.91510903
 17    2        3.00569040       18.50194033       35.81076982        1.10494276
 18    3        2.82758590       18.50194033       14.69159787        0.91510903
 19    2        3.02186050       81.27638072       38.87151937        1.09778751
 20    3        2.82758590       98.45675388       44.99301849        0.91510903
 21    2        2.89589180       55.50582098       10.71262345        1.10750419
 22    6        4.23008660       21.80585824       27.24067106        0.37585195
 23    2        3.00569040       13.87645525        9.79439858        1.10494276
 24    6        3.96246530       61.45287323       40.70796911        0.37906140
 25    2        2.89589180       44.93328365       42.54441884        1.10750419
 26    1        1.75000000       86.56264939       35.19861991        1.29299607
 27    7        4.92185880      103.74302255       12.24299823        0.19230703
 28    2        3.02835400        7.92940300       34.58646999        1.09970170
 29    3        3.00402900       68.06070906       36.11684477        0.90056183
 30    2        3.00569040       20.48429108       46.52339327        1.10494276
 31    4        3.21905940      103.08223896       21.11917194        0.73305648
 32    2        3.00569040        1.32156717       21.42524690        1.10494276
 33    8        4.40447030       35.02152990       29.07712079        0.01320434
 34    4        3.06230590       15.85880599       42.54441884        0.72929952
 35    2        2.97661120       50.88033590       46.52339327        1.10750419
 36    4        3.00760240       91.18813447       24.17992150        0.73571588
 37    7        4.78649100       41.62936574       22.34347177        0.18388096
 38    2        2.89589180       61.45287323       26.93459610        1.10750419
 39    8        4.40447030       25.77055974       17.44627247        0.01320434
 40    7        4.24008530       81.27638072       26.93459610        0.18249841
 41    4        3.06230590       56.16660456       33.36217017        0.72929952
 42    2        3.02186050       13.21567166       26.62852115        1.09778751
 43    4        3.21905940       78.63324639       18.97664725        0.73305648
 44    2        3.00569040       27.75291049       42.54441884        1.10494276
 45    5        3.77486430       74.66854489       34.28039504        0.54175170
 46    2        2.97661120       65.41757473       22.34347177        1.10750419
 47    4        3.09045000       53.52347023       17.75234743        0.73606268
 48    4        3.09045000       76.65089564       43.15656875        0.73606268
 49    2        2.89589180       62.77444039       33.05609522        1.10750419
 50    2        3.00569040       16.51958958       21.42524690        1.10494276
 51    3        2.82758590       23.12742541       10.71262345        0.91510903
 52    4        3.66841450       55.93509926        2.54299059        0.72210192
 53   81        9.02105710       39.13365455        5.44042564      -13.95633842
 54   12        5.01579170       94.73233732       33.52912015       -0.74987054
 55  182       10.71910403       76.04603918        2.37778966      -33.44002202

step =          18     # clusters =  56          # atoms 482 
 Ind    Pt               R               X               Y               E
  0    4        3.66841450       27.75291049       34.89254495        0.72210192
  1    2        2.89589180        7.92940300       40.70796911        1.10750419
  2    2        3.02835400       53.52347023       38.87151937        1.09970170
  3    6        4.12177150       60.79208965       16.52804761        0.38048965
  4    6        4.14230440      105.06458971       29.38319575        0.36589531
  5    6        4.14230440       72.02541056       26.01637123        0.36589531
  6    4        3.64339340        9.25097016       21.11917194        0.73153563
  7    8        4.58831570       52.20190306       25.40422132        0.00707852
  8    7        4.24008530       86.56264939       16.83412256        0.18249841
  9    8        4.58831570       37.00388065       39.17759433        0.00707852
 10    2        2.89589180       97.13518672       24.79207141        1.10750419
 11    6        4.23008660       87.22343297       43.15656875        0.37585195
 12    2        3.00569040      105.06458971       46.21731831        1.10494276
 13    3        2.98515040       46.25485082       32.75002026        0.91199504
 14    7        4.18914480        7.26861941       13.46729805        0.19132231
 15    2        2.89589180       33.03917915       20.50702203        1.10750419
 16    3        2.82758590       95.81361955       16.52804761        0.91510903
 17    2        3.00569040       18.50194033       35.81076982        1.10494276
 18    3        2.82758590       18.50194033       14.69159787        0.91510903
 19    2        3.02186050       81.27638072       38.87151937        1.09778751
 20    3        2.82758590       98.45675388       44.99301849        0.91510903
 21    2        2.89589180       55.50582098       10.71262345        1.10750419
 22    6        4.23008660       21.80585824       27.24067106        0.37585195
 23    2        3.00569040       13.87645525        9.79439858        1.10494276
 24    6        3.96246530       61.45287323       40.70796911        0.37906140
 25    2        2.89589180       44.93328365       42.54441884        1.10750419
 26    1        1.75000000       86.56264939       35.19861991        1.29299607
 27    7        4.92185880      103.74302255       12.24299823        0.19230703
 28    2        3.02835400        7.92940300       34.58646999        1.09970170
 29    3        3.00402900       68.06070906       36.11684477        0.90056183
 30    2        3.00569040       20.48429108       46.52339327        1.10494276
 31    4        3.21905940      103.08223896       21.11917194        0.73305648
 32    2        3.00569040        1.32156717       21.42524690        1.10494276
 33    8        4.40447030       35.02152990       29.07712079        0.01320434
 34    4        3.06230590       15.85880599       42.54441884        0.72929952
 35    2        2.97661120       50.88033590       46.52339327        1.10750419
 36    4        3.00760240       91.18813447       24.17992150        0.73571588
 37    7        4.78649100       41.62936574       22.34347177        0.18388096
 38    2        2.89589180       61.45287323       26.93459610        1.10750419
 39    8        4.40447030       25.77055974       17.44627247        0.01320434
 40    7        4.24008530       81.27638072       26.93459610        0.18249841
 41    4        3.06230590       56.16660456       33.36217017        0.72929952
 42    2        3.02186050       13.21567166       26.62852115        1.09778751
 43    4        3.21905940       78.63324639       18.97664725        0.73305648
 44    2        3.00569040       27.75291049       42.54441884        1.10494276
 45    5        3.77486430       74.66854489       34.28039504        0.54175170
 46    2        2.97661120       65.41757473       22.34347177        1.10750419
 47    4        3.09045000       53.52347023       17.75234743        0.73606268
 48    4        3.09045000       76.65089564       43.15656875        0.73606268
 49    2        2.89589180       62.77444039       33.05609522        1.10750419
 50    2        3.00569040       16.51958958       21.42524690        1.10494276
 51    3        2.82758590       23.12742541       10.71262345        0.91510903
 52    4        3.66841450       55.93509926        2.54299059        0.72210192
 53   81        9.02105710       39.13365455        5.44042564      -13.95633842
 54   12        5.01579170       94.73233732       33.52912015       -0.74987054
 55  182       10.71910403       76.04603918        2.37778966      -33.44002202

step =          19     # clusters =  56          # atoms 482 
 Ind    Pt               R               X               Y               E
  0    4        3.66841450       27.75291049       34.89254495        0.72210192
  1    2        2.89589180        7.92940300       40.70796911        1.10750419
  2    2        3.02835400       53.52347023       38.87151937        1.09970170
  3    6        4.12177150       60.79208965       16.52804761        0.38048965
  4    6        4.14230440      105.06458971       29.38319575        0.36589531
  5    6        4.14230440       72.02541056       26.01637123        0.36589531
  6    4        3.64339340        9.25097016       21.11917194        0.73153563
  7    8        4.58831570       52.20190306       25.40422132        0.00707852
  8    7        4.24008530       86.56264939       16.83412256        0.18249841
  9    8        4.58831570       37.00388065       39.17759433        0.00707852
 10    2        2.89589180       97.13518672       24.79207141        1.10750419
 11    6        4.23008660       87.22343297       43.15656875        0.37585195
 12    2        3.00569040      105.06458971       46.21731831        1.10494276
 13    3        2.98515040       46.25485082       32.75002026        0.91199504
 14    7        4.18914480        7.26861941       13.46729805        0.19132231
 15    2        2.89589180       33.03917915       20.50702203        1.10750419
 16    3        2.82758590       95.81361955       16.52804761        0.91510903
 17    2        3.00569040       18.50194033       35.81076982        1.10494276
 18    3        2.82758590       18.50194033       14.69159787        0.91510903
 19    2        3.02186050       81.27638072       38.87151937        1.09778751
 20    3        2.82758590       98.45675388       44.99301849        0.91510903
 21    2        2.89589180       55.50582098       10.71262345        1.10750419
 22    6        4.23008660       21.80585824       27.24067106        0.37585195
 23    2        3.00569040       13.87645525        9.79439858        1.10494276
 24    6        3.96246530       61.45287323       40.70796911        0.37906140
 25    2        2.89589180       44.93328365       42.54441884        1.10750419
 26    1        1.75000000       86.56264939       35.19861991        1.29299607
 27    7        4.92185880      103.74302255       12.24299823        0.19230703
 28    2        3.02835400        7.92940300       34.58646999        1.09970170
 29    3        3.00402900       68.06070906       36.11684477        0.90056183
 30    2        3.00569040       20.48429108       46.52339327        1.10494276
 31    4        3.21905940      103.08223896       21.11917194        0.73305648
 32    2        3.00569040        1.32156717       21.42524690        1.10494276
 33    8        4.40447030       35.02152990       29.07712079        0.01320434
 34    4        3.06230590       15.85880599       42.54441884        0.72929952
 35    2        2.97661120       50.88033590       46.52339327        1.10750419
 36    4        3.00760240       91.18813447       24.17992150        0.73571588
 37    7        4.78649100       41.62936574       22.34347177        0.18388096
 38    2        2.89589180       61.45287323       26.93459610        1.10750419
 39    8        4.40447030       25.77055974       17.44627247        0.01320434
 40    7        4.24008530       81.27638072       26.93459610        0.18249841
 41    4        3.06230590       56.16660456       33.36217017        0.72929952
 42    2        3.02186050       13.21567166       26.62852115        1.09778751
 43    4        3.21905940       78.63324639       18.97664725        0.73305648
 44    2        3.00569040       27.75291049       42.54441884        1.10494276
 45    5        3.77486430       74.66854489       34.28039504        0.54175170
 46    2        2.97661120       65.41757473       22.34347177        1.10750419
 47    4        3.09045000       53.52347023       17.75234743        0.73606268
 48    4        3.09045000       76.65089564       43.15656875        0.73606268
 49    2        2.89589180       62.77444039       33.05609522        1.10750419
 50    2        3.00569040       16.51958958       21.42524690        1.10494276
 51    3        2.82758590       23.12742541       10.71262345        0.91510903
 52    4        3.66841450       55.93509926        2.54299059        0.72210192
 53   81        9.02105710       39.13365455        5.44042564      -13.95633842
 54   12        5.01579170       94.73233732       33.52912015       -0.74987054
 55  182       10.71910403       76.04603918        2.37778966      -33.44002202

step =          20     # clusters =  56          # atoms 482 
 Ind    Pt               R               X               Y               E
  0    4        3.66841450       27.75291049       34.89254495        0.72210192
  1    2        2.89589180        7.92940300       40.70796911        1.10750419
  2    2        3.02835400       53.52347023       38.87151937        1.09970170
  3    6        4.12177150       60.79208965       16.52804761        0.38048965
  4    6        4.14230440      105.06458971       29.38319575        0.36589531
  5    6        4.14230440       72.02541056       26.01637123        0.36589531
  6    4        3.64339340        9.25097016       21.11917194        0.73153563
  7    8        4.58831570       52.20190306       25.40422132        0.00707852
  8    7        4.24008530       86.56264939       16.83412256        0.18249841
  9    8        4.58831570       37.00388065       39.17759433        0.00707852
 10    2        2.89589180       97.13518672       24.79207141        1.10750419
 11    6        4.23008660       87.22343297       43.15656875        0.37585195
 12    2        3.00569040      105.06458971       46.21731831        1.10494276
 13    3        2.98515040       46.25485082       32.75002026        0.91199504
 14    7        4.18914480        7.26861941       13.46729805        0.19132231
 15    2        2.89589180       33.03917915       20.50702203        1.10750419
 16    3        2.82758590       95.81361955       16.52804761        0.91510903
 17    2        3.00569040       18.50194033       35.81076982        1.10494276
 18    3        2.82758590       18.50194033       14.69159787        0.91510903
 19    2        3.02186050       81.27638072       38.87151937        1.09778751
 20    3        2.82758590       98.45675388       44.99301849        0.91510903
 21    2        2.89589180       55.50582098       10.71262345        1.10750419
 22    6        4.23008660       21.80585824       27.24067106        0.37585195
 23    2        3.00569040       13.87645525        9.79439858        1.10494276
 24    6        3.96246530       61.45287323       40.70796911        0.37906140
 25    2        2.89589180       44.93328365       42.54441884        1.10750419
 26    1        1.75000000       86.56264939       35.19861991        1.29299607
 27    7        4.92185880      103.74302255       12.24299823        0.19230703
 28    2        3.02835400        7.92940300       34.58646999        1.09970170
 29    3        3.00402900       68.06070906       36.11684477        0.90056183
 30    2        3.00569040       20.48429108       46.52339327        1.10494276
 31    4        3.21905940      103.08223896       21.11917194        0.73305648
 32    2        3.00569040        1.32156717       21.42524690        1.10494276
 33    8        4.40447030       35.02152990       29.07712079        0.01320434
 34    4        3.06230590       15.85880599       42.54441884        0.72929952
 35    2        2.97661120       50.88033590       46.52339327        1.10750419
 36    4        3.00760240       91.18813447       24.17992150        0.73571588
 37    7        4.78649100       41.62936574       22.34347177        0.18388096
 38    2        2.89589180       61.45287323       26.93459610        1.10750419
 39    8        4.40447030       25.77055974       17.44627247        0.01320434
 40    7        4.24008530       81.27638072       26.93459610        0.18249841
 41    4        3.06230590       56.16660456       33.36217017        0.72929952
 42    2        3.02186050       13.21567166       26.62852115        1.09778751
 43    4        3.21905940       78.63324639       18.97664725        0.73305648
 44    2        3.00569040       27.75291049       42.54441884        1.10494276
 45    5        3.77486430       74.66854489       34.28039504        0.54175170
 46    2        2.97661120       65.41757473       22.34347177        1.10750419
 47    4        3.09045000       53.52347023       17.75234743        0.73606268
 48    4        3.09045000       76.65089564       43.15656875        0.73606268
 49    2        2.89589180       62.77444039       33.05609522        1.10750419
 50    2        3.00569040       16.51958958       21.42524690        1.10494276
 51    3        2.82758590       23.12742541       10.71262345        0.91510903
 52    4        3.66841450       55.93509926        2.54299059        0.72210192
 53   81        9.02105710       39.13365455        5.44042564      -13.95633842
 54   12        5.01579170       94.73233732       33.52912015       -0.74987054
 55  182       10.71910403       76.04603918        2.37778966      -33.44002202

step =          21     # clusters =  56          # atoms 482 
 Ind    Pt               R               X               Y               E
  0    4        3.66841450       27.75291049       34.89254495        0.72210192
  1    2        2.89589180        7.92940300       40.70796911        1.10750419
  2    1        1.75000000       53.52347023       38.87151937        1.26547802
  3    6        4.12177150       60.79208965       16.52804761        0.38048965
  4    6        4.14230440      105.06458971       29.38319575        0.36589531
  5    6        4.14230440       72.02541056       26.01637123        0.36589531
  6    4        3.64339340        9.25097016       21.11917194        0.73153563
  7    8        4.58831570       52.20190306       25.40422132        0.00707852
  8    7        4.24008530       86.56264939       16.83412256        0.18249841
  9    8        4.58831570       37.00388065       39.17759433        0.00707852
 10    2        2.89589180       97.13518672       24.79207141        1.10750419
 11    6        4.23008660       87.22343297       43.15656875        0.37585195
 12    2        3.00569040      105.06458971       46.21731831        1.10494276
 13    3        2.98515040       46.25485082       32.75002026        0.91199504
 14    7        4.18914480        7.26861941       13.46729805        0.19132231
 15    2        2.89589180       33.03917915       20.50702203        1.10750419
 16    3        2.82758590       95.81361955       16.52804761        0.91510903
 17    2        3.00569040       18.50194033       35.81076982        1.10494276
 18    3        2.82758590       18.50194033       14.69159787        0.91510903
 19    2        3.02186050       81.27638072       38.87151937        1.09778751
 20    3        2.82758590       98.45675388       44.99301849        0.91510903
 21    2        2.89589180       55.50582098       10.71262345        1.10750419
 22    6        4.23008660       21.80585824       27.24067106        0.37585195
 23    2        3.00569040       13.87645525        9.79439858        1.10494276
 24    7        4.23778750       61.45287323       40.70796911        0.17865857
 25    2        2.89589180       44.93328365       42.54441884        1.10750419
 26    1        1.75000000       86.56264939       35.19861991        1.29299607
 27    7        4.92185880      103.74302255       12.24299823        0.19230703
 28    2        3.02835400        7.92940300       34.58646999        1.09970170
 29    3        3.00402900       68.06070906       36.11684477        0.90056183
 30    2        3.00569040       20.48429108       46.52339327        1.10494276
 31    4        3.21905940      103.08223896       21.11917194        0.73305648
 32    2        3.00569040        1.32156717       21.42524690        1.10494276
 33    8        4.40447030       35.02152990       29.07712079        0.01320434
 34    4        3.06230590       15.85880599       42.54441884        0.72929952
 35    2        2.97661120       50.88033590       46.52339327        1.10750419
 36    4        3.00760240       91.18813447       24.17992150        0.73571588
 37    7        4.78649100       41.62936574       22.34347177        0.18388096
 38    2        2.89589180       61.45287323       26.93459610        1.10750419
 39    8        4.40447030       25.77055974       17.44627247        0.01320434
 40    7        4.24008530       81.27638072       26.93459610        0.18249841
 41    4        3.06230590       56.16660456       33.36217017        0.72929952
 42    2        3.02186050       13.21567166       26.62852115        1.09778751
 43    4        3.21905940       78.63324639       18.97664725        0.73305648
 44    2        3.00569040       27.75291049       42.54441884        1.10494276
 45    5        3.77486430       74.66854489       34.28039504        0.54175170
 46    2        2.97661120       65.41757473       22.34347177        1.10750419
 47    4        3.09045000       53.52347023       17.75234743        0.73606268
 48    4        3.09045000       76.65089564       43.15656875        0.73606268
 49    2        2.89589180       62.77444039       33.05609522        1.10750419
 50    2        3.00569040       16.51958958       21.42524690        1.10494276
 51    3        2.82758590       23.12742541       10.71262345        0.91510903
 52    4        3.66841450       55.93509926        2.54299059        0.72210192
 53   81        9.02105710       39.13365455        5.44042564      -13.95633842
 54   12        5.01579170       94.73233732       33.52912015       -0.74987054
 55  182       10.71910403       76.04603918        2.37778966      -33.44002202

step =          22     # clusters =  55          # atoms 482 
 Ind    Pt               R               X               Y               E
  0    4        3.66841450       27.75291049       34.89254495        0.72210192
  1    2        2.89589180        7.92940300       40.70796911        1.10750419
  2    1        1.75000000       53.52347023       38.87151937        1.26547802
  3    6        4.12177150       60.79208965       16.52804761        0.38048965
  4    6        4.14230440      105.06458971       29.38319575        0.36589531
  5    6        4.14230440       72.02541056       26.01637123        0.36589531
  6    4        3.64339340        9.25097016       21.11917194        0.73153563
  7    8        4.58831570       52.20190306       25.40422132        0.00707852
  8    7        4.24008530       86.56264939       16.83412256        0.18249841
  9    8        4.58831570       37.00388065       39.17759433        0.00707852
 10    2        2.89589180       97.13518672       24.79207141        1.10750419
 11    6        4.23008660       87.22343297       43.15656875        0.37585195
 12    2        3.00569040      105.06458971       46.21731831        1.10494276
 13    3        2.98515040       46.25485082       32.75002026        0.91199504
 14    7        4.18914480        7.26861941       13.46729805        0.19132231
 15    2        2.89589180       33.03917915       20.50702203        1.10750419
 16    3        2.82758590       95.81361955       16.52804761        0.91510903
 17    2        3.00569040       18.50194033       35.81076982        1.10494276
 18    3        2.82758590       18.50194033       14.69159787        0.91510903
 19    2        3.02186050       81.27638072       38.87151937        1.09778751
 20    3        2.82758590       98.45675388       44.99301849        0.91510903
 21    2        2.89589180       55.50582098       10.71262345        1.10750419
 22    6        4.23008660       21.80585824       27.24067106        0.37585195
 23    2        3.00569040       13.87645525        9.79439858        1.10494276
 24    7        4.23778750       61.45287323       40.70796911        0.17865857
 25    2        2.89589180       44.93328365       42.54441884        1.10750419
 26    7        4.92185880      103.74302255       12.24299823        0.19230703
 27    2        3.02835400        7.92940300       34.58646999        1.09970170
 28    3        3.00402900       68.06070906       36.11684477        0.90056183
 29    2        3.00569040       20.48429108       46.52339327        1.10494276
 30    4        3.21905940      103.08223896       21.11917194        0.73305648
 31    2        3.00569040        1.32156717       21.42524690        1.10494276
 32    8        4.40447030       35.02152990       29.07712079        0.01320434
 33    4        3.06230590       15.85880599       42.54441884        0.72929952
 34    2        2.97661120       50.88033590       46.52339327        1.10750419
 35    4        3.00760240       91.18813447       24.17992150        0.73571588
 36    7        4.78649100       41.62936574       22.34347177        0.18388096
 37    2        2.89589180       61.45287323       26.93459610        1.10750419
 38    8        4.40447030       25.77055974       17.44627247        0.01320434
 39    7        4.24008530       81.27638072       26.93459610        0.18249841
 40    4        3.06230590       56.16660456       33.36217017        0.72929952
 41    2        3.02186050       13.21567166       26.62852115        1.09778751
 42    4        3.21905940       78.63324639       18.97664725        0.73305648
 43    2        3.00569040       27.75291049       42.54441884        1.10494276
 44    5        3.77486430       74.66854489       34.28039504        0.54175170
 45    2        2.97661120       65.41757473       22.34347177        1.10750419
 46    4        3.09045000       53.52347023       17.75234743        0.73606268
 47    2        2.89589180       62.77444039       33.05609522        1.10750419
 48    2        3.00569040       16.51958958       21.42524690        1.10494276
 49    3        2.82758590       23.12742541       10.71262345        0.91510903
 50    4        3.66841450       55.93509926        2.54299059        0.72210192
 51   81        9.02105710       39.13365455        5.44042564      -13.95633842
 52   12        5.01579170       94.73233732       33.52912015       -0.74987054
 53    1        1.75000000       85.24108222       35.50469487        1.26976521
 54  186       10.76470365       76.09628531        2.27447907      -34.21276644

step =          23     # clusters =  54          # atoms 482 
 Ind    Pt               R               X               Y               E
  0    4        3.66841450       27.75291049       34.89254495        0.72210192
  1    2        2.89589180        7.92940300       40.70796911        1.10750419
  2    1        1.75000000       53.52347023       38.87151937        1.26547802
  3    6        4.12177150       60.79208965       16.52804761        0.38048965
  4    6        4.14230440      105.06458971       29.38319575        0.36589531
  5    6        4.14230440       72.02541056       26.01637123        0.36589531
  6    8        4.58831570       52.20190306       25.40422132        0.00707852
  7    7        4.24008530       86.56264939       16.83412256        0.18249841
  8    8        4.58831570       37.00388065       39.17759433        0.00707852
  9    2        2.89589180       97.13518672       24.79207141        1.10750419
 10    6        4.23008660       87.22343297       43.15656875        0.37585195
 11    2        3.00569040      105.06458971       46.21731831        1.10494276
 12    3        2.98515040       46.25485082       32.75002026        0.91199504
 13    2        2.89589180       33.03917915       20.50702203        1.10750419
 14    3        2.82758590       95.81361955       16.52804761        0.91510903
 15    2        3.00569040       18.50194033       35.81076982        1.10494276
 16    3        2.82758590       18.50194033       14.69159787        0.91510903
 17    2        3.02186050       81.27638072       38.87151937        1.09778751
 18    3        2.82758590       98.45675388       44.99301849        0.91510903
 19    2        2.89589180       55.50582098       10.71262345        1.10750419
 20    6        4.23008660       21.80585824       27.24067106        0.37585195
 21    2        3.00569040       13.87645525        9.79439858        1.10494276
 22    7        4.23778750       61.45287323       40.70796911        0.17865857
 23    2        2.89589180       44.93328365       42.54441884        1.10750419
 24    7        4.92185880      103.74302255       12.24299823        0.19230703
 25    2        3.02835400        7.92940300       34.58646999        1.09970170
 26    3        3.00402900       68.06070906       36.11684477        0.90056183
 27    2        3.00569040       20.48429108       46.52339327        1.10494276
 28    4        3.21905940      103.08223896       21.11917194        0.73305648
 29    2        3.00569040        1.32156717       21.42524690        1.10494276
 30    8        4.40447030       35.02152990       29.07712079        0.01320434
 31    4        3.06230590       15.85880599       42.54441884        0.72929952
 32    2        2.97661120       50.88033590       46.52339327        1.10750419
 33    4        3.00760240       91.18813447       24.17992150        0.73571588
 34    7        4.78649100       41.62936574       22.34347177        0.18388096
 35    2        2.89589180       61.45287323       26.93459610        1.10750419
 36    8        4.40447030       25.77055974       17.44627247        0.01320434
 37    7        4.24008530       81.27638072       26.93459610        0.18249841
 38    4        3.06230590       56.16660456       33.36217017        0.72929952
 39    2        3.02186050       13.21567166       26.62852115        1.09778751
 40    4        3.21905940       78.63324639       18.97664725        0.73305648
 41    2        3.00569040       27.75291049       42.54441884        1.10494276
 42    5        3.77486430       74.66854489       34.28039504        0.54175170
 43    2        2.97661120       65.41757473       22.34347177        1.10750419
 44    4        3.09045000       53.52347023       17.75234743        0.73606268
 45    2        2.89589180       62.77444039       33.05609522        1.10750419
 46    1        1.75000000       16.51958958       21.42524690        1.27902916
 47    3        2.82758590       23.12742541       10.71262345        0.91510903
 48    4        3.66841450       55.93509926        2.54299059        0.72210192
 49   81        9.02105710       39.13365455        5.44042564      -13.95633842
 50   12        5.01579170       94.73233732       33.52912015       -0.74987054
 51    1        1.75000000       85.24108222       35.50469487        1.26976521
 52  186       10.76470365       76.09628531        2.27447907      -34.21276644
 53   12        5.01579170        8.09459889       16.65557884       -0.74987054

step =          24     # clusters =  54          # atoms 482 
 Ind    Pt               R               X               Y               E
  0    4        3.66841450       27.75291049       34.89254495        0.72210192
  1    2        2.89589180        7.92940300       40.70796911        1.10750419
  2    1        1.75000000       53.52347023       38.87151937        1.26547802
  3    6        4.12177150       60.79208965       16.52804761        0.38048965
  4    6        4.14230440      105.06458971       29.38319575        0.36589531
  5    6        4.14230440       72.02541056       26.01637123        0.36589531
  6    8        4.58831570       52.20190306       25.40422132        0.00707852
  7    7        4.24008530       86.56264939       16.83412256        0.18249841
  8    8        4.58831570       37.00388065       39.17759433        0.00707852
  9    2        2.89589180       97.13518672       24.79207141        1.10750419
 10    6        4.23008660       87.22343297       43.15656875        0.37585195
 11    2        3.00569040      105.06458971       46.21731831        1.10494276
 12    3        2.98515040       46.25485082       32.75002026        0.91199504
 13    2        2.89589180       33.03917915       20.50702203        1.10750419
 14    3        2.82758590       95.81361955       16.52804761        0.91510903
 15    2        3.00569040       18.50194033       35.81076982        1.10494276
 16    3        2.82758590       18.50194033       14.69159787        0.91510903
 17    2        3.02186050       81.27638072       38.87151937        1.09778751
 18    3        2.82758590       98.45675388       44.99301849        0.91510903
 19    2        2.89589180       55.50582098       10.71262345        1.10750419
 20    6        4.23008660       21.80585824       27.24067106        0.37585195
 21    2        3.00569040       13.87645525        9.79439858        1.10494276
 22    7        4.23778750       61.45287323       40.70796911        0.17865857
 23    2        2.89589180       44.93328365       42.54441884        1.10750419
 24    7        4.92185880      103.74302255       12.24299823        0.19230703
 25    2        3.02835400        7.92940300       34.58646999        1.09970170
 26    3        3.00402900       68.06070906       36.11684477        0.90056183
 27    2        3.00569040       20.48429108       46.52339327        1.10494276
 28    4        3.21905940      103.08223896       21.11917194        0.73305648
 29    2        3.00569040        1.32156717       21.42524690        1.10494276
 30    8        4.40447030       35.02152990       29.07712079        0.01320434
 31    4        3.06230590       15.85880599       42.54441884        0.72929952
 32    2        2.97661120       50.88033590       46.52339327        1.10750419
 33    4        3.00760240       91.18813447       24.17992150        0.73571588
 34    7        4.78649100       41.62936574       22.34347177        0.18388096
 35    2        2.89589180       61.45287323       26.93459610        1.10750419
 36    8        4.40447030       25.77055974       17.44627247        0.01320434
 37    7        4.24008530       81.27638072       26.93459610        0.18249841
 38    4        3.06230590       56.16660456       33.36217017        0.72929952
 39    2        3.02186050       13.21567166       26.62852115        1.09778751
 40    4        3.21905940       78.63324639       18.97664725        0.73305648
 41    2        3.00569040       27.75291049       42.54441884        1.10494276
 42    5        3.77486430       74.66854489       34.28039504        0.54175170
 43    2        2.97661120       65.41757473       22.34347177        1.10750419
 44    4        3.09045000       53.52347023       17.75234743        0.73606268
 45    2        2.89589180       62.77444039       33.05609522        1.10750419
 46    1        1.75000000       16.51958958       21.42524690        1.27902916
 47    3        2.82758590       23.12742541       10.71262345        0.91510903
 48    4        3.66841450       55.93509926        2.54299059        0.72210192
 49   81        9.02105710       39.13365455        5.44042564      -13.95633842
 50   12        5.01579170       94.73233732       33.52912015       -0.74987054
 51    1        1.75000000       85.24108222       35.50469487        1.26976521
 52  186       10.76470365       76.09628531        2.27447907      -34.21276644
 53   12        5.01579170        8.09459889       16.65557884       -0.74987054

step =          25     # clusters =  54          # atoms 482 
 Ind    Pt               R               X               Y               E
  0    4        3.66841450       27.75291049       34.89254495        0.72210192
  1    2        2.89589180        7.92940300       40.70796911        1.10750419
  2    1        1.75000000       53.52347023       38.87151937        1.26547802
  3    6        4.12177150       60.79208965       16.52804761        0.38048965
  4    6        4.14230440      105.06458971       29.38319575        0.36589531
  5    6        4.14230440       72.02541056       26.01637123        0.36589531
  6    8        4.58831570       52.20190306       25.40422132        0.00707852
  7    7        4.24008530       86.56264939       16.83412256        0.18249841
  8    8        4.58831570       37.00388065       39.17759433        0.00707852
  9    2        2.89589180       97.13518672       24.79207141        1.10750419
 10    6        4.23008660       87.22343297       43.15656875        0.37585195
 11    2        3.00569040      105.06458971       46.21731831        1.10494276
 12    3        2.98515040       46.25485082       32.75002026        0.91199504
 13    2        2.89589180       33.03917915       20.50702203        1.10750419
 14    3        2.82758590       95.81361955       16.52804761        0.91510903
 15    2        3.00569040       18.50194033       35.81076982        1.10494276
 16    3        2.82758590       18.50194033       14.69159787        0.91510903
 17    2        3.02186050       81.27638072       38.87151937        1.09778751
 18    3        2.82758590       98.45675388       44.99301849        0.91510903
 19    2        2.89589180       55.50582098       10.71262345        1.10750419
 20    6        4.23008660       21.80585824       27.24067106        0.37585195
 21    2        3.00569040       13.87645525        9.79439858        1.10494276
 22    7        4.23778750       61.45287323       40.70796911        0.17865857
 23    2        2.89589180       44.93328365       42.54441884        1.10750419
 24    7        4.92185880      103.74302255       12.24299823        0.19230703
 25    2        3.02835400        7.92940300       34.58646999        1.09970170
 26    3        3.00402900       68.06070906       36.11684477        0.90056183
 27    2        3.00569040       20.48429108       46.52339327        1.10494276
 28    4        3.21905940      103.08223896       21.11917194        0.73305648
 29    2        3.00569040        1.32156717       21.42524690        1.10494276
 30    8        4.40447030       35.02152990       29.07712079        0.01320434
 31    4        3.06230590       15.85880599       42.54441884        0.72929952
 32    2        2.97661120       50.88033590       46.52339327        1.10750419
 33    4        3.00760240       91.18813447       24.17992150        0.73571588
 34    7        4.78649100       41.62936574       22.34347177        0.18388096
 35    2        2.89589180       61.45287323       26.93459610        1.10750419
 36    8        4.40447030       25.77055974       17.44627247        0.01320434
 37    7        4.24008530       81.27638072       26.93459610        0.18249841
 38    4        3.06230590       56.16660456       33.36217017        0.72929952
 39    2        3.02186050       13.21567166       26.62852115        1.09778751
 40    4        3.21905940       78.63324639       18.97664725        0.73305648
 41    2        3.00569040       27.75291049       42.54441884        1.10494276
 42    5        3.77486430       74.66854489       34.28039504        0.54175170
 43    2        2.97661120       65.41757473       22.34347177        1.10750419
 44    4        3.09045000       53.52347023       17.75234743        0.73606268
 45    2        2.89589180       62.77444039       33.05609522        1.10750419
 46    1        1.75000000       16.51958958       21.42524690        1.27902916
 47    3        2.82758590       23.12742541       10.71262345        0.91510903
 48    4        3.66841450       55.93509926        2.54299059        0.72210192
 49   81        9.02105710       39.13365455        5.44042564      -13.95633842
 50   12        5.01579170       94.73233732       33.52912015       -0.74987054
 51    1        1.75000000       85.24108222       35.50469487        1.26976521
 52  186       10.76470365       76.09628531        2.27447907      -34.21276644
 53   12        5.01579170        8.09459889       16.65557884       -0.74987054

step =          26     # clusters =  54          # atoms 482 
 Ind    Pt               R               X               Y               E
  0    4        3.66841450       27.75291049       34.89254495        0.72210192
  1    2        2.89589180        7.92940300       40.70796911        1.10750419
  2    1        1.75000000       53.52347023       38.87151937        1.26547802
  3    6        4.12177150       60.79208965       16.52804761        0.38048965
  4    6        4.14230440      105.06458971       29.38319575        0.36589531
  5    6        4.14230440       72.02541056       26.01637123        0.36589531
  6    8        4.58831570       52.20190306       25.40422132        0.00707852
  7    7        4.24008530       86.56264939       16.83412256        0.18249841
  8    8        4.58831570       37.00388065       39.17759433        0.00707852
  9    2        2.89589180       97.13518672       24.79207141        1.10750419
 10    6        4.23008660       87.22343297       43.15656875        0.37585195
 11    2        3.00569040      105.06458971       46.21731831        1.10494276
 12    3        2.98515040       46.25485082       32.75002026        0.91199504
 13    2        2.89589180       33.03917915       20.50702203        1.10750419
 14    3        2.82758590       95.81361955       16.52804761        0.91510903
 15    2        3.00569040       18.50194033       35.81076982        1.10494276
 16    3        2.82758590       18.50194033       14.69159787        0.91510903
 17    2        3.02186050       81.27638072       38.87151937        1.09778751
 18    3        2.82758590       98.45675388       44.99301849        0.91510903
 19    2        2.89589180       55.50582098       10.71262345        1.10750419
 20    6        4.23008660       21.80585824       27.24067106        0.37585195
 21    2        3.00569040       13.87645525        9.79439858        1.10494276
 22    7        4.23778750       61.45287323       40.70796911        0.17865857
 23    2        2.89589180       44.93328365       42.54441884        1.10750419
 24    7        4.92185880      103.74302255       12.24299823        0.19230703
 25    2        3.02835400        7.92940300       34.58646999        1.09970170
 26    3        3.00402900       68.06070906       36.11684477        0.90056183
 27    2        3.00569040       20.48429108       46.52339327        1.10494276
 28    4        3.21905940      103.08223896       21.11917194        0.73305648
 29    2        3.00569040        1.32156717       21.42524690        1.10494276
 30    8        4.40447030       35.02152990       29.07712079        0.01320434
 31    4        3.06230590       15.85880599       42.54441884        0.72929952
 32    2        2.97661120       50.88033590       46.52339327        1.10750419
 33    4        3.00760240       91.18813447       24.17992150        0.73571588
 34    7        4.78649100       41.62936574       22.34347177        0.18388096
 35    2        2.89589180       61.45287323       26.93459610        1.10750419
 36    8        4.40447030       25.77055974       17.44627247        0.01320434
 37    7        4.24008530       81.27638072       26.93459610        0.18249841
 38    4        3.06230590       56.16660456       33.36217017        0.72929952
 39    2        3.02186050       13.21567166       26.62852115        1.09778751
 40    4        3.21905940       78.63324639       18.97664725        0.73305648
 41    2        3.00569040       27.75291049       42.54441884        1.10494276
 42    5        3.77486430       74.66854489       34.28039504        0.54175170
 43    2        2.97661120       65.41757473       22.34347177        1.10750419
 44    4        3.09045000       53.52347023       17.75234743        0.73606268
 45    2        2.89589180       62.77444039       33.05609522        1.10750419
 46    1        1.75000000       16.51958958       21.42524690        1.27902916
 47    3        2.82758590       23.12742541       10.71262345        0.91510903
 48    4        3.66841450       55.93509926        2.54299059        0.72210192
 49   81        9.02105710       39.13365455        5.44042564      -13.95633842
 50   12        5.01579170       94.73233732       33.52912015       -0.74987054
 51    1        1.75000000       85.24108222       35.50469487        1.26976521
 52  186       10.76470365       76.09628531        2.27447907      -34.21276644
 53   12        5.01579170        8.09459889       16.65557884       -0.74987054

step =          27     # clusters =  54          # atoms 482 
 Ind    Pt               R               X               Y               E
  0    4        3.66841450       27.75291049       34.89254495        0.72210192
  1    2        2.89589180        7.92940300       40.70796911        1.10750419
  2    1        1.75000000       53.52347023       38.87151937        1.26547802
  3    6        4.12177150       60.79208965       16.52804761        0.38048965
  4    6        4.14230440      105.06458971       29.38319575        0.36589531
  5    6        4.14230440       72.02541056       26.01637123        0.36589531
  6    8        4.58831570       52.20190306       25.40422132        0.00707852
  7    7        4.24008530       86.56264939       16.83412256        0.18249841
  8    8        4.58831570       37.00388065       39.17759433        0.00707852
  9    2        2.89589180       97.13518672       24.79207141        1.10750419
 10    6        4.23008660       87.22343297       43.15656875        0.37585195
 11    2        3.00569040      105.06458971       46.21731831        1.10494276
 12    3        2.98515040       46.25485082       32.75002026        0.91199504
 13    2        2.89589180       33.03917915       20.50702203        1.10750419
 14    3        2.82758590       95.81361955       16.52804761        0.91510903
 15    2        3.00569040       18.50194033       35.81076982        1.10494276
 16    3        2.82758590       18.50194033       14.69159787        0.91510903
 17    2        3.02186050       81.27638072       38.87151937        1.09778751
 18    3        2.82758590       98.45675388       44.99301849        0.91510903
 19    2        2.89589180       55.50582098       10.71262345        1.10750419
 20    6        4.23008660       21.80585824       27.24067106        0.37585195
 21    2        3.00569040       13.87645525        9.79439858        1.10494276
 22    7        4.23778750       61.45287323       40.70796911        0.17865857
 23    2        2.89589180       44.93328365       42.54441884        1.10750419
 24    7        4.92185880      103.74302255       12.24299823        0.19230703
 25    2        3.02835400        7.92940300       34.58646999        1.09970170
 26    3        3.00402900       68.06070906       36.11684477        0.90056183
 27    2        3.00569040       20.48429108       46.52339327        1.10494276
 28    4        3.21905940      103.08223896       21.11917194        0.73305648
 29    2        3.00569040        1.32156717       21.42524690        1.10494276
 30    8        4.40447030       35.02152990       29.07712079        0.01320434
 31    4        3.06230590       15.85880599       42.54441884        0.72929952
 32    2        2.97661120       50.88033590       46.52339327        1.10750419
 33    4        3.00760240       91.18813447       24.17992150        0.73571588
 34    7        4.78649100       41.62936574       22.34347177        0.18388096
 35    2        2.89589180       61.45287323       26.93459610        1.10750419
 36    8        4.40447030       25.77055974       17.44627247        0.01320434
 37    7        4.24008530       81.27638072       26.93459610        0.18249841
 38    4        3.06230590       56.16660456       33.36217017        0.72929952
 39    2        3.02186050       13.21567166       26.62852115        1.09778751
 40    4        3.21905940       78.63324639       18.97664725        0.73305648
 41    2        3.00569040       27.75291049       42.54441884        1.10494276
 42    5        3.77486430       74.66854489       34.28039504        0.54175170
 43    2        2.97661120       65.41757473       22.34347177        1.10750419
 44    4        3.09045000       53.52347023       17.75234743        0.73606268
 45    2        2.89589180       62.77444039       33.05609522        1.10750419
 46    1        1.75000000       16.51958958       21.42524690        1.27902916
 47    3        2.82758590       23.12742541       10.71262345        0.91510903
 48    4        3.66841450       55.93509926        2.54299059        0.72210192
 49   81        9.02105710       39.13365455        5.44042564      -13.95633842
 50   12        5.01579170       94.73233732       33.52912015       -0.74987054
 51    1        1.75000000       85.24108222       35.50469487        1.26976521
 52  186       10.76470365       76.09628531        2.27447907      -34.21276644
 53   12        5.01579170        8.09459889       16.65557884       -0.74987054

step =          28     # clusters =  54          # atoms 482 
 Ind    Pt               R               X               Y               E
  0    4        3.66841450       27.75291049       34.89254495        0.72210192
  1    2        2.89589180        7.92940300       40.70796911        1.10750419
  2    1        1.75000000       53.52347023       38.87151937        1.26547802
  3    6        4.12177150       60.79208965       16.52804761        0.38048965
  4    6        4.14230440      105.06458971       29.38319575        0.36589531
  5    6        4.14230440       72.02541056       26.01637123        0.36589531
  6    8        4.58831570       52.20190306       25.40422132        0.00707852
  7    7        4.24008530       86.56264939       16.83412256        0.18249841
  8    8        4.58831570       37.00388065       39.17759433        0.00707852
  9    2        2.89589180       97.13518672       24.79207141        1.10750419
 10    6        4.23008660       87.22343297       43.15656875        0.37585195
 11    2        3.00569040      105.06458971       46.21731831        1.10494276
 12    3        2.98515040       46.25485082       32.75002026        0.91199504
 13    2        2.89589180       33.03917915       20.50702203        1.10750419
 14    3        2.82758590       95.81361955       16.52804761        0.91510903
 15    2        3.00569040       18.50194033       35.81076982        1.10494276
 16    3        2.82758590       18.50194033       14.69159787        0.91510903
 17    2        3.02186050       81.27638072       38.87151937        1.09778751
 18    3        2.82758590       98.45675388       44.99301849        0.91510903
 19    2        2.89589180       55.50582098       10.71262345        1.10750419
 20    6        4.23008660       21.80585824       27.24067106        0.37585195
 21    2        3.00569040       13.87645525        9.79439858        1.10494276
 22    7        4.23778750       61.45287323       40.70796911        0.17865857
 23    2        2.89589180       44.93328365       42.54441884        1.10750419
 24    7        4.92185880      103.74302255       12.24299823        0.19230703
 25    2        3.02835400        7.92940300       34.58646999        1.09970170
 26    3        3.00402900       68.06070906       36.11684477        0.90056183
 27    2        3.00569040       20.48429108       46.52339327        1.10494276
 28    4        3.21905940      103.08223896       21.11917194        0.73305648
 29    2        3.00569040        1.32156717       21.42524690        1.10494276
 30    8        4.40447030       35.02152990       29.07712079        0.01320434
 31    4        3.06230590       15.85880599       42.54441884        0.72929952
 32    2        2.97661120       50.88033590       46.52339327        1.10750419
 33    4        3.00760240       91.18813447       24.17992150        0.73571588
 34    7        4.78649100       41.62936574       22.34347177        0.18388096
 35    2        2.89589180       61.45287323       26.93459610        1.10750419
 36    8        4.40447030       25.77055974       17.44627247        0.01320434
 37    7        4.24008530       81.27638072       26.93459610        0.18249841
 38    4        3.06230590       56.16660456       33.36217017        0.72929952
 39    2        3.02186050       13.21567166       26.62852115        1.09778751
 40    4        3.21905940       78.63324639       18.97664725        0.73305648
 41    2        3.00569040       27.75291049       42.54441884        1.10494276
 42    5        3.77486430       74.66854489       34.28039504        0.54175170
 43    2        2.97661120       65.41757473       22.34347177        1.10750419
 44    4        3.09045000       53.52347023       17.75234743        0.73606268
 45    2        2.89589180       62.77444039       33.05609522        1.10750419
 46    1        1.75000000       16.51958958       21.42524690        1.27902916
 47    3        2.82758590       23.12742541       10.71262345        0.91510903
 48    4        3.66841450       55.93509926        2.54299059        0.72210192
 49   81        9.02105710       39.13365455        5.44042564      -13.95633842
 50   12        5.01579170       94.73233732       33.52912015       -0.74987054
 51    1        1.75000000       85.24108222       35.50469487        1.26976521
 52  186       10.76470365       76.09628531        2.27447907      -34.21276644
 53   12        5.01579170        8.09459889       16.65557884       -0.74987054

step =          29     # clusters =  54          # atoms 482 
 Ind    Pt               R               X               Y               E
  0    4        3.66841450       27.75291049       34.89254495        0.72210192
  1    2        2.89589180        7.92940300       40.70796911        1.10750419
  2    1        1.75000000       53.52347023       38.87151937        1.26547802
  3    6        4.12177150       60.79208965       16.52804761        0.38048965
  4    6        4.14230440      105.06458971       29.38319575        0.36589531
  5    6        4.14230440       72.02541056       26.01637123        0.36589531
  6    8        4.58831570       52.20190306       25.40422132        0.00707852
  7    7        4.24008530       86.56264939       16.83412256        0.18249841
  8    8        4.58831570       37.00388065       39.17759433        0.00707852
  9    2        2.89589180       97.13518672       24.79207141        1.10750419
 10    6        4.23008660       87.22343297       43.15656875        0.37585195
 11    2        3.00569040      105.06458971       46.21731831        1.10494276
 12    3        2.98515040       46.25485082       32.75002026        0.91199504
 13    2        2.89589180       33.03917915       20.50702203        1.10750419
 14    3        2.82758590       95.81361955       16.52804761        0.91510903
 15    2        3.00569040       18.50194033       35.81076982        1.10494276
 16    3        2.82758590       18.50194033       14.69159787        0.91510903
 17    2        3.02186050       81.27638072       38.87151937        1.09778751
 18    3        2.82758590       98.45675388       44.99301849        0.91510903
 19    2        2.89589180       55.50582098       10.71262345        1.10750419
 20    6        4.23008660       21.80585824       27.24067106        0.37585195
 21    2        3.00569040       13.87645525        9.79439858        1.10494276
 22    7        4.23778750       61.45287323       40.70796911        0.17865857
 23    2        2.89589180       44.93328365       42.54441884        1.10750419
 24    7        4.92185880      103.74302255       12.24299823        0.19230703
 25    2        3.02835400        7.92940300       34.58646999        1.09970170
 26    3        3.00402900       68.06070906       36.11684477        0.90056183
 27    2        3.00569040       20.48429108       46.52339327        1.10494276
 28    4        3.21905940      103.08223896       21.11917194        0.73305648
 29    2        3.00569040        1.32156717       21.42524690        1.10494276
 30    8        4.40447030       35.02152990       29.07712079        0.01320434
 31    4        3.06230590       15.85880599       42.54441884        0.72929952
 32    2        2.97661120       50.88033590       46.52339327        1.10750419
 33    4        3.00760240       91.18813447       24.17992150        0.73571588
 34    7        4.78649100       41.62936574       22.34347177        0.18388096
 35    2        2.89589180       61.45287323       26.93459610        1.10750419
 36    8        4.40447030       25.77055974       17.44627247        0.01320434
 37    7        4.24008530       81.27638072       26.93459610        0.18249841
 38    4        3.06230590       56.16660456       33.36217017        0.72929952
 39    2        3.02186050       13.21567166       26.62852115        1.09778751
 40    4        3.21905940       78.63324639       18.97664725        0.73305648
 41    2        3.00569040       27.75291049       42.54441884        1.10494276
 42    5        3.77486430       74.66854489       34.28039504        0.54175170
 43    2        2.97661120       65.41757473       22.34347177        1.10750419
 44    4        3.09045000       53.52347023       17.75234743        0.73606268
 45    2        2.89589180       62.77444039       33.05609522        1.10750419
 46    1        1.75000000       16.51958958       21.42524690        1.27902916
 47    3        2.82758590       23.12742541       10.71262345        0.91510903
 48    4        3.66841450       55.93509926        2.54299059        0.72210192
 49   81        9.02105710       39.13365455        5.44042564      -13.95633842
 50   12        5.01579170       94.73233732       33.52912015       -0.74987054
 51    1        1.75000000       85.24108222       35.50469487        1.26976521
 52  186       10.76470365       76.09628531        2.27447907      -34.21276644
 53   12        5.01579170        8.09459889       16.65557884       -0.74987054

step =          30     # clusters =  54          # atoms 482 
 Ind    Pt               R               X               Y               E
  0    4        3.66841450       27.75291049       34.89254495        0.72210192
  1    2        2.89589180        7.92940300       40.70796911        1.10750419
  2    1        1.75000000       53.52347023       38.87151937        1.26547802
  3    6        4.12177150       60.79208965       16.52804761        0.38048965
  4    6        4.14230440      105.06458971       29.38319575        0.36589531
  5    6        4.14230440       72.02541056       26.01637123        0.36589531
  6    8        4.58831570       52.20190306       25.40422132        0.00707852
  7    7        4.24008530       86.56264939       16.83412256        0.18249841
  8    8        4.58831570       37.00388065       39.17759433        0.00707852
  9    2        2.89589180       97.13518672       24.79207141        1.10750419
 10    6        4.23008660       87.22343297       43.15656875        0.37585195
 11    2        3.00569040      105.06458971       46.21731831        1.10494276
 12    3        2.98515040       46.25485082       32.75002026        0.91199504
 13    2        2.89589180       33.03917915       20.50702203        1.10750419
 14    3        2.82758590       95.81361955       16.52804761        0.91510903
 15    2        3.00569040       18.50194033       35.81076982        1.10494276
 16    3        2.82758590       18.50194033       14.69159787        0.91510903
 17    2        3.02186050       81.27638072       38.87151937        1.09778751
 18    3        2.82758590       98.45675388       44.99301849        0.91510903
 19    2        2.89589180       55.50582098       10.71262345        1.10750419
 20    6        4.23008660       21.80585824       27.24067106        0.37585195
 21    2        3.00569040       13.87645525        9.79439858        1.10494276
 22    7        4.23778750       61.45287323       40.70796911        0.17865857
 23    2        2.89589180       44.93328365       42.54441884        1.10750419
 24    7        4.92185880      103.74302255       12.24299823        0.19230703
 25    2        3.02835400        7.92940300       34.58646999        1.09970170
 26    3        3.00402900       68.06070906       36.11684477        0.90056183
 27    2        3.00569040       20.48429108       46.52339327        1.10494276
 28    4        3.21905940      103.08223896       21.11917194        0.73305648
 29    2        3.00569040        1.32156717       21.42524690        1.10494276
 30    8        4.40447030       35.02152990       29.07712079        0.01320434
 31    4        3.06230590       15.85880599       42.54441884        0.72929952
 32    2        2.97661120       50.88033590       46.52339327        1.10750419
 33    4        3.00760240       91.18813447       24.17992150        0.73571588
 34    7        4.78649100       41.62936574       22.34347177        0.18388096
 35    2        2.89589180       61.45287323       26.93459610        1.10750419
 36    8        4.40447030       25.77055974       17.44627247        0.01320434
 37    7        4.24008530       81.27638072       26.93459610        0.18249841
 38    4        3.06230590       56.16660456       33.36217017        0.72929952
 39    2        3.02186050       13.21567166       26.62852115        1.09778751
 40    4        3.21905940       78.63324639       18.97664725        0.73305648
 41    2        3.00569040       27.75291049       42.54441884        1.10494276
 42    5        3.77486430       74.66854489       34.28039504        0.54175170
 43    2        2.97661120       65.41757473       22.34347177        1.10750419
 44    4        3.09045000       53.52347023       17.75234743        0.73606268
 45    2        2.89589180       62.77444039       33.05609522        1.10750419
 46    1        1.75000000       16.51958958       21.42524690        1.27902916
 47    3        2.82758590       23.12742541       10.71262345        0.91510903
 48    4        3.66841450       55.93509926        2.54299059        0.72210192
 49   81        9.02105710       39.13365455        5.44042564      -13.95633842
 50   12        5.01579170       94.73233732       33.52912015       -0.74987054
 51    1        1.75000000       85.24108222       35.50469487        1.26976521
 52  186       10.76470365       76.09628531        2.27447907      -34.21276644
 53   12        5.01579170        8.09459889       16.65557884       -0.74987054

step =          31     # clusters =  54          # atoms 482 
 Ind    Pt               R               X               Y               E
  0    4        3.66841450       27.75291049       34.89254495        0.72210192
  1    2        2.89589180        7.92940300       40.70796911        1.10750419
  2    1        1.75000000       53.52347023       38.87151937        1.26547802
  3    6        4.12177150       60.79208965       16.52804761        0.38048965
  4    6        4.14230440      105.06458971       29.38319575        0.36589531
  5    6        4.14230440       72.02541056       26.01637123        0.36589531
  6    8        4.58831570       52.20190306       25.40422132        0.00707852
  7    7        4.24008530       86.56264939       16.83412256        0.18249841
  8    8        4.58831570       37.00388065       39.17759433        0.00707852
  9    2        2.89589180       97.13518672       24.79207141        1.10750419
 10    6        4.23008660       87.22343297       43.15656875        0.37585195
 11    2        3.00569040      105.06458971       46.21731831        1.10494276
 12    3        2.98515040       46.25485082       32.75002026        0.91199504
 13    2        2.89589180       33.03917915       20.50702203        1.10750419
 14    3        2.82758590       95.81361955       16.52804761        0.91510903
 15    2        3.00569040       18.50194033       35.81076982        1.10494276
 16    3        2.82758590       18.50194033       14.69159787        0.91510903
 17    2        3.02186050       81.27638072       38.87151937        1.09778751
 18    3        2.82758590       98.45675388       44.99301849        0.91510903
 19    2        2.89589180       55.50582098       10.71262345        1.10750419
 20    6        4.23008660       21.80585824       27.24067106        0.37585195
 21    2        3.00569040       13.87645525        9.79439858        1.10494276
 22    7        4.23778750       61.45287323       40.70796911        0.17865857
 23    2        2.89589180       44.93328365       42.54441884        1.10750419
 24    7        4.92185880      103.74302255       12.24299823        0.19230703
 25    2        3.02835400        7.92940300       34.58646999        1.09970170
 26    3        3.00402900       68.06070906       36.11684477        0.90056183
 27    2        3.00569040       20.48429108       46.52339327        1.10494276
 28    4        3.21905940      103.08223896       21.11917194        0.73305648
 29    2        3.00569040        1.32156717       21.42524690        1.10494276
 30    8        4.40447030       35.02152990       29.07712079        0.01320434
 31    4        3.06230590       15.85880599       42.54441884        0.72929952
 32    2        2.97661120       50.88033590       46.52339327        1.10750419
 33    4        3.00760240       91.18813447       24.17992150        0.73571588
 34    7        4.78649100       41.62936574       22.34347177        0.18388096
 35    2        2.89589180       61.45287323       26.93459610        1.10750419
 36    8        4.40447030       25.77055974       17.44627247        0.01320434
 37    7        4.24008530       81.27638072       26.93459610        0.18249841
 38    4        3.06230590       56.16660456       33.36217017        0.72929952
 39    2        3.02186050       13.21567166       26.62852115        1.09778751
 40    4        3.21905940       78.63324639       18.97664725        0.73305648
 41    2        3.00569040       27.75291049       42.54441884        1.10494276
 42    5        3.77486430       74.66854489       34.28039504        0.54175170
 43    2        2.97661120       65.41757473       22.34347177        1.10750419
 44    4        3.09045000       53.52347023       17.75234743        0.73606268
 45    2        2.89589180       62.77444039       33.05609522        1.10750419
 46    1        1.75000000       16.51958958       21.42524690        1.27902916
 47    3        2.82758590       23.12742541       10.71262345        0.91510903
 48    4        3.66841450       55.93509926        2.54299059        0.72210192
 49   81        9.02105710       39.13365455        5.44042564      -13.95633842
 50   12        5.01579170       94.73233732       33.52912015       -0.74987054
 51    1        1.75000000       85.24108222       35.50469487        1.26976521
 52  186       10.76470365       76.09628531        2.27447907      -34.21276644
 53   12        5.01579170        8.09459889       16.65557884       -0.74987054

step =          32     # clusters =  54          # atoms 482 
 Ind    Pt               R               X               Y               E
  0    4        3.66841450       27.75291049       34.89254495        0.72210192
  1    2        2.89589180        7.92940300       40.70796911        1.10750419
  2    1        1.75000000       53.52347023       38.87151937        1.26547802
  3    6        4.12177150       60.79208965       16.52804761        0.38048965
  4    6        4.14230440      105.06458971       29.38319575        0.36589531
  5    6        4.14230440       72.02541056       26.01637123        0.36589531
  6    8        4.58831570       52.20190306       25.40422132        0.00707852
  7    7        4.24008530       86.56264939       16.83412256        0.18249841
  8    8        4.58831570       37.00388065       39.17759433        0.00707852
  9    2        2.89589180       97.13518672       24.79207141        1.10750419
 10    6        4.23008660       87.22343297       43.15656875        0.37585195
 11    2        3.00569040      105.06458971       46.21731831        1.10494276
 12    3        2.98515040       46.25485082       32.75002026        0.91199504
 13    2        2.89589180       33.03917915       20.50702203        1.10750419
 14    3        2.82758590       95.81361955       16.52804761        0.91510903
 15    2        3.00569040       18.50194033       35.81076982        1.10494276
 16    3        2.82758590       18.50194033       14.69159787        0.91510903
 17    2        3.02186050       81.27638072       38.87151937        1.09778751
 18    3        2.82758590       98.45675388       44.99301849        0.91510903
 19    2        2.89589180       55.50582098       10.71262345        1.10750419
 20    6        4.23008660       21.80585824       27.24067106        0.37585195
 21    2        3.00569040       13.87645525        9.79439858        1.10494276
 22    7        4.23778750       61.45287323       40.70796911        0.17865857
 23    2        2.89589180       44.93328365       42.54441884        1.10750419
 24    7        4.92185880      103.74302255       12.24299823        0.19230703
 25    2        3.02835400        7.92940300       34.58646999        1.09970170
 26    3        3.00402900       68.06070906       36.11684477        0.90056183
 27    2        3.00569040       20.48429108       46.52339327        1.10494276
 28    4        3.21905940      103.08223896       21.11917194        0.73305648
 29    2        3.00569040        1.32156717       21.42524690        1.10494276
 30    8        4.40447030       35.02152990       29.07712079        0.01320434
 31    4        3.06230590       15.85880599       42.54441884        0.72929952
 32    2        2.97661120       50.88033590       46.52339327        1.10750419
 33    4        3.00760240       91.18813447       24.17992150        0.73571588
 34    7        4.78649100       41.62936574       22.34347177        0.18388096
 35    2        2.89589180       61.45287323       26.93459610        1.10750419
 36    8        4.40447030       25.77055974       17.44627247        0.01320434
 37    7        4.24008530       81.27638072       26.93459610        0.18249841
 38    4        3.06230590       56.16660456       33.36217017        0.72929952
 39    2        3.02186050       13.21567166       26.62852115        1.09778751
 40    4        3.21905940       78.63324639       18.97664725        0.73305648
 41    2        3.00569040       27.75291049       42.54441884        1.10494276
 42    5        3.77486430       74.66854489       34.28039504        0.54175170
 43    2        2.97661120       65.41757473       22.34347177        1.10750419
 44    4        3.09045000       53.52347023       17.75234743        0.73606268
 45    2        2.89589180       62.77444039       33.05609522        1.10750419
 46    1        1.75000000       16.51958958       21.42524690        1.27902916
 47    3        2.82758590       23.12742541       10.71262345        0.91510903
 48    4        3.66841450       55.93509926        2.54299059        0.72210192
 49   81        9.02105710       39.13365455        5.44042564      -13.95633842
 50   12        5.01579170       94.73233732       33.52912015       -0.74987054
 51    1        1.75000000       85.24108222       35.50469487        1.26976521
 52  186       10.76470365       76.09628531        2.27447907      -34.21276644
 53   12        5.01579170        8.09459889       16.65557884       -0.74987054

step =          33     # clusters =  54          # atoms 482 
 Ind    Pt               R               X               Y               E
  0    4        3.66841450       27.75291049       34.89254495        0.72210192
  1    2        2.89589180        7.92940300       40.70796911        1.10750419
  2    1        1.75000000       53.52347023       38.87151937        1.26547802
  3    6        4.12177150       60.79208965       16.52804761        0.38048965
  4    6        4.14230440      105.06458971       29.38319575        0.36589531
  5    6        4.14230440       72.02541056       26.01637123        0.36589531
  6    8        4.58831570       52.20190306       25.40422132        0.00707852
  7    7        4.24008530       86.56264939       16.83412256        0.18249841
  8    8        4.58831570       37.00388065       39.17759433        0.00707852
  9    2        2.89589180       97.13518672       24.79207141        1.10750419
 10    6        4.23008660       87.22343297       43.15656875        0.37585195
 11    2        3.00569040      105.06458971       46.21731831        1.10494276
 12    3        2.98515040       46.25485082       32.75002026        0.91199504
 13    2        2.89589180       33.03917915       20.50702203        1.10750419
 14    3        2.82758590       95.81361955       16.52804761        0.91510903
 15    2        3.00569040       18.50194033       35.81076982        1.10494276
 16    3        2.82758590       18.50194033       14.69159787        0.91510903
 17    2        3.02186050       81.27638072       38.87151937        1.09778751
 18    3        2.82758590       98.45675388       44.99301849        0.91510903
 19    2        2.89589180       55.50582098       10.71262345        1.10750419
 20    6        4.23008660       21.80585824       27.24067106        0.37585195
 21    2        3.00569040       13.87645525        9.79439858        1.10494276
 22    7        4.23778750       61.45287323       40.70796911        0.17865857
 23    2        2.89589180       44.93328365       42.54441884        1.10750419
 24    7        4.92185880      103.74302255       12.24299823        0.19230703
 25    2        3.02835400        7.92940300       34.58646999        1.09970170
 26    3        3.00402900       68.06070906       36.11684477        0.90056183
 27    2        3.00569040       20.48429108       46.52339327        1.10494276
 28    4        3.21905940      103.08223896       21.11917194        0.73305648
 29    2        3.00569040        1.32156717       21.42524690        1.10494276
 30    8        4.40447030       35.02152990       29.07712079        0.01320434
 31    4        3.06230590       15.85880599       42.54441884        0.72929952
 32    2        2.97661120       50.88033590       46.52339327        1.10750419
 33    4        3.00760240       91.18813447       24.17992150        0.73571588
 34    7        4.78649100       41.62936574       22.34347177        0.18388096
 35    2        2.89589180       61.45287323       26.93459610        1.10750419
 36    8        4.40447030       25.77055974       17.44627247        0.01320434
 37    7        4.24008530       81.27638072       26.93459610        0.18249841
 38    4        3.06230590       56.16660456       33.36217017        0.72929952
 39    2        3.02186050       13.21567166       26.62852115        1.09778751
 40    4        3.21905940       78.63324639       18.97664725        0.73305648
 41    2        3.00569040       27.75291049       42.54441884        1.10494276
 42    5        3.77486430       74.66854489       34.28039504        0.54175170
 43    2        2.97661120       65.41757473       22.34347177        1.10750419
 44    4        3.09045000       53.52347023       17.75234743        0.73606268
 45    2        2.89589180       62.77444039       33.05609522        1.10750419
 46    1        1.75000000       16.51958958       21.42524690        1.27902916
 47    3        2.82758590       23.12742541       10.71262345        0.91510903
 48    4        3.66841450       55.93509926        2.54299059        0.72210192
 49   81        9.02105710       39.13365455        5.44042564      -13.95633842
 50   12        5.01579170       94.73233732       33.52912015       -0.74987054
 51    1        1.75000000       85.24108222       35.50469487        1.26976521
 52  186       10.76470365       76.09628531        2.27447907      -34.21276644
 53   12        5.01579170        8.09459889       16.65557884       -0.74987054

step =          34     # clusters =  54          # atoms 482 
 Ind    Pt               R               X               Y               E
  0    4        3.66841450       27.75291049       34.89254495        0.72210192
  1    2        2.89589180        7.92940300       40.70796911        1.10750419
  2    1        1.75000000       53.52347023       38.87151937        1.26547802
  3    6        4.12177150       60.79208965       16.52804761        0.38048965
  4    6        4.14230440      105.06458971       29.38319575        0.36589531
  5    6        4.14230440       72.02541056       26.01637123        0.36589531
  6    8        4.58831570       52.20190306       25.40422132        0.00707852
  7    7        4.24008530       86.56264939       16.83412256        0.18249841
  8    8        4.58831570       37.00388065       39.17759433        0.00707852
  9    2        2.89589180       97.13518672       24.79207141        1.10750419
 10    6        4.23008660       87.22343297       43.15656875        0.37585195
 11    2        3.00569040      105.06458971       46.21731831        1.10494276
 12    3        2.98515040       46.25485082       32.75002026        0.91199504
 13    2        2.89589180       33.03917915       20.50702203        1.10750419
 14    3        2.82758590       95.81361955       16.52804761        0.91510903
 15    2        3.00569040       18.50194033       35.81076982        1.10494276
 16    3        2.82758590       18.50194033       14.69159787        0.91510903
 17    2        3.02186050       81.27638072       38.87151937        1.09778751
 18    3        2.82758590       98.45675388       44.99301849        0.91510903
 19    2        2.89589180       55.50582098       10.71262345        1.10750419
 20    6        4.23008660       21.80585824       27.24067106        0.37585195
 21    2        3.00569040       13.87645525        9.79439858        1.10494276
 22    7        4.23778750       61.45287323       40.70796911        0.17865857
 23    2        2.89589180       44.93328365       42.54441884        1.10750419
 24    7        4.92185880      103.74302255       12.24299823        0.19230703
 25    2        3.02835400        7.92940300       34.58646999        1.09970170
 26    3        3.00402900       68.06070906       36.11684477        0.90056183
 27    2        3.00569040       20.48429108       46.52339327        1.10494276
 28    4        3.21905940      103.08223896       21.11917194        0.73305648
 29    2        3.00569040        1.32156717       21.42524690        1.10494276
 30    8        4.40447030       35.02152990       29.07712079        0.01320434
 31    4        3.06230590       15.85880599       42.54441884        0.72929952
 32    2        2.97661120       50.88033590       46.52339327        1.10750419
 33    4        3.00760240       91.18813447       24.17992150        0.73571588
 34    7        4.78649100       41.62936574       22.34347177        0.18388096
 35    2        2.89589180       61.45287323       26.93459610        1.10750419
 36    8        4.40447030       25.77055974       17.44627247        0.01320434
 37    7        4.24008530       81.27638072       26.93459610        0.18249841
 38    4        3.06230590       56.16660456       33.36217017        0.72929952
 39    2        3.02186050       13.21567166       26.62852115        1.09778751
 40    4        3.21905940       78.63324639       18.97664725        0.73305648
 41    2        3.00569040       27.75291049       42.54441884        1.10494276
 42    5        3.77486430       74.66854489       34.28039504        0.54175170
 43    2        2.97661120       65.41757473       22.34347177        1.10750419
 44    4        3.09045000       53.52347023       17.75234743        0.73606268
 45    2        2.89589180       62.77444039       33.05609522        1.10750419
 46    1        1.75000000       16.51958958       21.42524690        1.27902916
 47    3        2.82758590       23.12742541       10.71262345        0.91510903
 48    4        3.66841450       55.93509926        2.54299059        0.72210192
 49   81        9.02105710       39.13365455        5.44042564      -13.95633842
 50   12        5.01579170       94.73233732       33.52912015       -0.74987054
 51    1        1.75000000       85.24108222       35.50469487        1.26976521
 52  186       10.76470365       76.09628531        2.27447907      -34.21276644
 53   12        5.01579170        8.09459889       16.65557884       -0.74987054

step =          35     # clusters =  54          # atoms 482 
 Ind    Pt               R               X               Y               E
  0    4        3.66841450       27.75291049       34.89254495        0.72210192
  1    2        2.89589180        7.92940300       40.70796911        1.10750419
  2    1        1.75000000       53.52347023       38.87151937        1.26547802
  3    6        4.12177150       60.79208965       16.52804761        0.38048965
  4    6        4.14230440      105.06458971       29.38319575        0.36589531
  5    6        4.14230440       72.02541056       26.01637123        0.36589531
  6    8        4.58831570       52.20190306       25.40422132        0.00707852
  7    7        4.24008530       86.56264939       16.83412256        0.18249841
  8    8        4.58831570       37.00388065       39.17759433        0.00707852
  9    2        2.89589180       97.13518672       24.79207141        1.10750419
 10    6        4.23008660       87.22343297       43.15656875        0.37585195
 11    2        3.00569040      105.06458971       46.21731831        1.10494276
 12    3        2.98515040       46.25485082       32.75002026        0.91199504
 13    2        2.89589180       33.03917915       20.50702203        1.10750419
 14    3        2.82758590       95.81361955       16.52804761        0.91510903
 15    2        3.00569040       18.50194033       35.81076982        1.10494276
 16    3        2.82758590       18.50194033       14.69159787        0.91510903
 17    2        3.02186050       81.27638072       38.87151937        1.09778751
 18    3        2.82758590       98.45675388       44.99301849        0.91510903
 19    2        2.89589180       55.50582098       10.71262345        1.10750419
 20    6        4.23008660       21.80585824       27.24067106        0.37585195
 21    2        3.00569040       13.87645525        9.79439858        1.10494276
 22    7        4.23778750       61.45287323       40.70796911        0.17865857
 23    2        2.89589180       44.93328365       42.54441884        1.10750419
 24    7        4.92185880      103.74302255       12.24299823        0.19230703
 25    2        3.02835400        7.92940300       34.58646999        1.09970170
 26    3        3.00402900       68.06070906       36.11684477        0.90056183
 27    2        3.00569040       20.48429108       46.52339327        1.10494276
 28    4        3.21905940      103.08223896       21.11917194        0.73305648
 29    2        3.00569040        1.32156717       21.42524690        1.10494276
 30    8        4.40447030       35.02152990       29.07712079        0.01320434
 31    4        3.06230590       15.85880599       42.54441884        0.72929952
 32    2        2.97661120       50.88033590       46.52339327        1.10750419
 33    4        3.00760240       91.18813447       24.17992150        0.73571588
 34    7        4.78649100       41.62936574       22.34347177        0.18388096
 35    2        2.89589180       61.45287323       26.93459610        1.10750419
 36    8        4.40447030       25.77055974       17.44627247        0.01320434
 37    7        4.24008530       81.27638072       26.93459610        0.18249841
 38    4        3.06230590       56.16660456       33.36217017        0.72929952
 39    2        3.02186050       13.21567166       26.62852115        1.09778751
 40    4        3.21905940       78.63324639       18.97664725        0.73305648
 41    2        3.00569040       27.75291049       42.54441884        1.10494276
 42    5        3.77486430       74.66854489       34.28039504        0.54175170
 43    2        2.97661120       65.41757473       22.34347177        1.10750419
 44    4        3.09045000       53.52347023       17.75234743        0.73606268
 45    2        2.89589180       62.77444039       33.05609522        1.10750419
 46    1        1.75000000       16.51958958       21.42524690        1.27902916
 47    3        2.82758590       23.12742541       10.71262345        0.91510903
 48    4        3.66841450       55.93509926        2.54299059        0.72210192
 49   81        9.02105710       39.13365455        5.44042564      -13.95633842
 50   12        5.01579170       94.73233732       33.52912015       -0.74987054
 51    1        1.75000000       85.24108222       35.50469487        1.26976521
 52  186       10.76470365       76.09628531        2.27447907      -34.21276644
 53   12        5.01579170        8.09459889       16.65557884       -0.74987054

step =          36     # clusters =  54          # atoms 482 
 Ind    Pt               R               X               Y               E
  0    4        3.66841450       27.75291049       34.89254495        0.72210192
  1    2        2.89589180        7.92940300       40.70796911        1.10750419
  2    1        1.75000000       53.52347023       38.87151937        1.26547802
  3    6        4.12177150       60.79208965       16.52804761        0.38048965
  4    6        4.14230440      105.06458971       29.38319575        0.36589531
  5    6        4.14230440       72.02541056       26.01637123        0.36589531
  6    8        4.58831570       52.20190306       25.40422132        0.00707852
  7    7        4.24008530       86.56264939       16.83412256        0.18249841
  8    8        4.58831570       37.00388065       39.17759433        0.00707852
  9    2        2.89589180       97.13518672       24.79207141        1.10750419
 10    6        4.23008660       87.22343297       43.15656875        0.37585195
 11    2        3.00569040      105.06458971       46.21731831        1.10494276
 12    3        2.98515040       46.25485082       32.75002026        0.91199504
 13    2        2.89589180       33.03917915       20.50702203        1.10750419
 14    3        2.82758590       95.81361955       16.52804761        0.91510903
 15    2        3.00569040       18.50194033       35.81076982        1.10494276
 16    3        2.82758590       18.50194033       14.69159787        0.91510903
 17    2        3.02186050       81.27638072       38.87151937        1.09778751
 18    3        2.82758590       98.45675388       44.99301849        0.91510903
 19    2        2.89589180       55.50582098       10.71262345        1.10750419
 20    6        4.23008660       21.80585824       27.24067106        0.37585195
 21    2        3.00569040       13.87645525        9.79439858        1.10494276
 22    7        4.23778750       61.45287323       40.70796911        0.17865857
 23    2        2.89589180       44.93328365       42.54441884        1.10750419
 24    7        4.92185880      103.74302255       12.24299823        0.19230703
 25    2        3.02835400        7.92940300       34.58646999        1.09970170
 26    3        3.00402900       68.06070906       36.11684477        0.90056183
 27    2        3.00569040       20.48429108       46.52339327        1.10494276
 28    4        3.21905940      103.08223896       21.11917194        0.73305648
 29    2        3.00569040        1.32156717       21.42524690        1.10494276
 30    8        4.40447030       35.02152990       29.07712079        0.01320434
 31    4        3.06230590       15.85880599       42.54441884        0.72929952
 32    2        2.97661120       50.88033590       46.52339327        1.10750419
 33    4        3.00760240       91.18813447       24.17992150        0.73571588
 34    7        4.78649100       41.62936574       22.34347177        0.18388096
 35    2        2.89589180       61.45287323       26.93459610        1.10750419
 36    8        4.40447030       25.77055974       17.44627247        0.01320434
 37    7        4.24008530       81.27638072       26.93459610        0.18249841
 38    4        3.06230590       56.16660456       33.36217017        0.72929952
 39    2        3.02186050       13.21567166       26.62852115        1.09778751
 40    4        3.21905940       78.63324639       18.97664725        0.73305648
 41    2        3.00569040       27.75291049       42.54441884        1.10494276
 42    5        3.77486430       74.66854489       34.28039504        0.54175170
 43    2        2.97661120       65.41757473       22.34347177        1.10750419
 44    4        3.09045000       53.52347023       17.75234743        0.73606268
 45    2        2.89589180       62.77444039       33.05609522        1.10750419
 46    1        1.75000000       16.51958958       21.42524690        1.27902916
 47    3        2.82758590       23.12742541       10.71262345        0.91510903
 48    4        3.66841450       55.93509926        2.54299059        0.72210192
 49   81        9.02105710       39.13365455        5.44042564      -13.95633842
 50   12        5.01579170       94.73233732       33.52912015       -0.74987054
 51    1        1.75000000       85.24108222       35.50469487        1.26976521
 52  186       10.76470365       76.09628531        2.27447907      -34.21276644
 53   12        5.01579170        8.09459889       16.65557884       -0.74987054

step =          37     # clusters =  54          # atoms 482 
 Ind    Pt               R               X               Y               E
  0    4        3.66841450       27.75291049       34.89254495        0.72210192
  1    2        2.89589180        7.92940300       40.70796911        1.10750419
  2    1        1.75000000       53.52347023       38.87151937        1.26547802
  3    6        4.12177150       60.79208965       16.52804761        0.38048965
  4    6        4.14230440      105.06458971       29.38319575        0.36589531
  5    6        4.14230440       72.02541056       26.01637123        0.36589531
  6    8        4.58831570       52.20190306       25.40422132        0.00707852
  7    7        4.24008530       86.56264939       16.83412256        0.18249841
  8    8        4.58831570       37.00388065       39.17759433        0.00707852
  9    2        2.89589180       97.13518672       24.79207141        1.10750419
 10    6        4.23008660       87.22343297       43.15656875        0.37585195
 11    2        3.00569040      105.06458971       46.21731831        1.10494276
 12    3        2.98515040       46.25485082       32.75002026        0.91199504
 13    2        2.89589180       33.03917915       20.50702203        1.10750419
 14    3        2.82758590       95.81361955       16.52804761        0.91510903
 15    2        3.00569040       18.50194033       35.81076982        1.10494276
 16    3        2.82758590       18.50194033       14.69159787        0.91510903
 17    2        3.02186050       81.27638072       38.87151937        1.09778751
 18    3        2.82758590       98.45675388       44.99301849        0.91510903
 19    2        2.89589180       55.50582098       10.71262345        1.10750419
 20    6        4.23008660       21.80585824       27.24067106        0.37585195
 21    2        3.00569040       13.87645525        9.79439858        1.10494276
 22    7        4.23778750       61.45287323       40.70796911        0.17865857
 23    2        2.89589180       44.93328365       42.54441884        1.10750419
 24    7        4.92185880      103.74302255       12.24299823        0.19230703
 25    2        3.02835400        7.92940300       34.58646999        1.09970170
 26    3        3.00402900       68.06070906       36.11684477        0.90056183
 27    2        3.00569040       20.48429108       46.52339327        1.10494276
 28    4        3.21905940      103.08223896       21.11917194        0.73305648
 29    2        3.00569040        1.32156717       21.42524690        1.10494276
 30    8        4.40447030       35.02152990       29.07712079        0.01320434
 31    4        3.06230590       15.85880599       42.54441884        0.72929952
 32    2        2.97661120       50.88033590       46.52339327        1.10750419
 33    4        3.00760240       91.18813447       24.17992150        0.73571588
 34    7        4.78649100       41.62936574       22.34347177        0.18388096
 35    2        2.89589180       61.45287323       26.93459610        1.10750419
 36    8        4.40447030       25.77055974       17.44627247        0.01320434
 37    7        4.24008530       81.27638072       26.93459610        0.18249841
 38    4        3.06230590       56.16660456       33.36217017        0.72929952
 39    2        3.02186050       13.21567166       26.62852115        1.09778751
 40    4        3.21905940       78.63324639       18.97664725        0.73305648
 41    2        3.00569040       27.75291049       42.54441884        1.10494276
 42    5        3.77486430       74.66854489       34.28039504        0.54175170
 43    2        2.97661120       65.41757473       22.34347177        1.10750419
 44    4        3.09045000       53.52347023       17.75234743        0.73606268
 45    2        2.89589180       62.77444039       33.05609522        1.10750419
 46    1        1.75000000       16.51958958       21.42524690        1.27902916
 47    3        2.82758590       23.12742541       10.71262345        0.91510903
 48    4        3.66841450       55.93509926        2.54299059        0.72210192
 49   81        9.02105710       39.13365455        5.44042564      -13.95633842
 50   12        5.01579170       94.73233732       33.52912015       -0.74987054
 51    1        1.75000000       85.24108222       35.50469487        1.26976521
 52  186       10.76470365       76.09628531        2.27447907      -34.21276644
 53   12        5.01579170        8.09459889       16.65557884       -0.74987054

step =          38     # clusters =  54          # atoms 482 
 Ind    Pt               R               X               Y               E
  0    4        3.66841450       27.75291049       34.89254495        0.72210192
  1    2        2.89589180        7.92940300       40.70796911        1.10750419
  2    1        1.75000000       53.52347023       38.87151937        1.26547802
  3    6        4.12177150       60.79208965       16.52804761        0.38048965
  4    6        4.14230440      105.06458971       29.38319575        0.36589531
  5    6        4.14230440       72.02541056       26.01637123        0.36589531
  6    8        4.58831570       52.20190306       25.40422132        0.00707852
  7    7        4.24008530       86.56264939       16.83412256        0.18249841
  8    8        4.58831570       37.00388065       39.17759433        0.00707852
  9    2        2.89589180       97.13518672       24.79207141        1.10750419
 10    6        4.23008660       87.22343297       43.15656875        0.37585195
 11    2        3.00569040      105.06458971       46.21731831        1.10494276
 12    3        2.98515040       46.25485082       32.75002026        0.91199504
 13    2        2.89589180       33.03917915       20.50702203        1.10750419
 14    3        2.82758590       95.81361955       16.52804761        0.91510903
 15    2        3.00569040       18.50194033       35.81076982        1.10494276
 16    3        2.82758590       18.50194033       14.69159787        0.91510903
 17    2        3.02186050       81.27638072       38.87151937        1.09778751
 18    3        2.82758590       98.45675388       44.99301849        0.91510903
 19    2        2.89589180       55.50582098       10.71262345        1.10750419
 20    6        4.23008660       21.80585824       27.24067106        0.37585195
 21    2        3.00569040       13.87645525        9.79439858        1.10494276
 22    7        4.23778750       61.45287323       40.70796911        0.17865857
 23    2        2.89589180       44.93328365       42.54441884        1.10750419
 24    7        4.92185880      103.74302255       12.24299823        0.19230703
 25    2        3.02835400        7.92940300       34.58646999        1.09970170
 26    3        3.00402900       68.06070906       36.11684477        0.90056183
 27    2        3.00569040       20.48429108       46.52339327        1.10494276
 28    4        3.21905940      103.08223896       21.11917194        0.73305648
 29    2        3.00569040        1.32156717       21.42524690        1.10494276
 30    8        4.40447030       35.02152990       29.07712079        0.01320434
 31    4        3.06230590       15.85880599       42.54441884        0.72929952
 32    2        2.97661120       50.88033590       46.52339327        1.10750419
 33    4        3.00760240       91.18813447       24.17992150        0.73571588
 34    7        4.78649100       41.62936574       22.34347177        0.18388096
 35    2        2.89589180       61.45287323       26.93459610        1.10750419
 36    8        4.40447030       25.77055974       17.44627247        0.01320434
 37    7        4.24008530       81.27638072       26.93459610        0.18249841
 38    4        3.06230590       56.16660456       33.36217017        0.72929952
 39    2        3.02186050       13.21567166       26.62852115        1.09778751
 40    4        3.21905940       78.63324639       18.97664725        0.73305648
 41    2        3.00569040       27.75291049       42.54441884        1.10494276
 42    5        3.77486430       74.66854489       34.28039504        0.54175170
 43    2        2.97661120       65.41757473       22.34347177        1.10750419
 44    4        3.09045000       53.52347023       17.75234743        0.73606268
 45    2        2.89589180       62.77444039       33.05609522        1.10750419
 46    1        1.75000000       16.51958958       21.42524690        1.27902916
 47    3        2.82758590       23.12742541       10.71262345        0.91510903
 48    4        3.66841450       55.93509926        2.54299059        0.72210192
 49   81        9.02105710       39.13365455        5.44042564      -13.95633842
 50   12        5.01579170       94.73233732       33.52912015       -0.74987054
 51    1        1.75000000       85.24108222       35.50469487        1.26976521
 52  186       10.76470365       76.09628531        2.27447907      -34.21276644
 53   12        5.01579170        8.09459889       16.65557884       -0.74987054

step =          39     # clusters =  54          # atoms 482 
 Ind    Pt               R               X               Y               E
  0    4        3.66841450       27.75291049       34.89254495        0.72210192
  1    2        2.89589180        7.92940300       40.70796911        1.10750419
  2    1        1.75000000       53.52347023       38.87151937        1.26547802
  3    6        4.12177150       60.79208965       16.52804761        0.38048965
  4    6        4.14230440      105.06458971       29.38319575        0.36589531
  5    6        4.14230440       72.02541056       26.01637123        0.36589531
  6    8        4.58831570       52.20190306       25.40422132        0.00707852
  7    7        4.24008530       86.56264939       16.83412256        0.18249841
  8    8        4.58831570       37.00388065       39.17759433        0.00707852
  9    2        2.89589180       97.13518672       24.79207141        1.10750419
 10    6        4.23008660       87.22343297       43.15656875        0.37585195
 11    2        3.00569040      105.06458971       46.21731831        1.10494276
 12    3        2.98515040       46.25485082       32.75002026        0.91199504
 13    2        2.89589180       33.03917915       20.50702203        1.10750419
 14    3        2.82758590       95.81361955       16.52804761        0.91510903
 15    2        3.00569040       18.50194033       35.81076982        1.10494276
 16    3        2.82758590       18.50194033       14.69159787        0.91510903
 17    2        3.02186050       81.27638072       38.87151937        1.09778751
 18    3        2.82758590       98.45675388       44.99301849        0.91510903
 19    2        2.89589180       55.50582098       10.71262345        1.10750419
 20    6        4.23008660       21.80585824       27.24067106        0.37585195
 21    2        3.00569040       13.87645525        9.79439858        1.10494276
 22    7        4.23778750       61.45287323       40.70796911        0.17865857
 23    2        2.89589180       44.93328365       42.54441884        1.10750419
 24    7        4.92185880      103.74302255       12.24299823        0.19230703
 25    2        3.02835400        7.92940300       34.58646999        1.09970170
 26    3        3.00402900       68.06070906       36.11684477        0.90056183
 27    2        3.00569040       20.48429108       46.52339327        1.10494276
 28    4        3.21905940      103.08223896       21.11917194        0.73305648
 29    2        3.00569040        1.32156717       21.42524690        1.10494276
 30    8        4.40447030       35.02152990       29.07712079        0.01320434
 31    4        3.06230590       15.85880599       42.54441884        0.72929952
 32    2        2.97661120       50.88033590       46.52339327        1.10750419
 33    4        3.00760240       91.18813447       24.17992150        0.73571588
 34    7        4.78649100       41.62936574       22.34347177        0.18388096
 35    2        2.89589180       61.45287323       26.93459610        1.10750419
 36    8        4.40447030       25.77055974       17.44627247        0.01320434
 37    7        4.24008530       81.27638072       26.93459610        0.18249841
 38    4        3.06230590       56.16660456       33.36217017        0.72929952
 39    2        3.02186050       13.21567166       26.62852115        1.09778751
 40    4        3.21905940       78.63324639       18.97664725        0.73305648
 41    2        3.00569040       27.75291049       42.54441884        1.10494276
 42    5        3.77486430       74.66854489       34.28039504        0.54175170
 43    2        2.97661120       65.41757473       22.34347177        1.10750419
 44    4        3.09045000       53.52347023       17.75234743        0.73606268
 45    2        2.89589180       62.77444039       33.05609522        1.10750419
 46    1        1.75000000       16.51958958       21.42524690        1.27902916
 47    3        2.82758590       23.12742541       10.71262345        0.91510903
 48    4        3.66841450       55.93509926        2.54299059        0.72210192
 49   81        9.02105710       39.13365455        5.44042564      -13.95633842
 50   12        5.01579170       94.73233732       33.52912015       -0.74987054
 51    1        1.75000000       85.24108222       35.50469487        1.26976521
 52  186       10.76470365       76.09628531        2.27447907      -34.21276644
 53   12        5.01579170        8.09459889       16.65557884       -0.74987054

step =          40     # clusters =  54          # atoms 482 
 Ind    Pt               R               X               Y               E
  0    4        3.66841450       27.75291049       34.89254495        0.72210192
  1    2        2.89589180        7.92940300       40.70796911        1.10750419
  2    1        1.75000000       53.52347023       38.87151937        1.26547802
  3    6        4.12177150       60.79208965       16.52804761        0.38048965
  4    6        4.14230440      105.06458971       29.38319575        0.36589531
  5    6        4.14230440       72.02541056       26.01637123        0.36589531
  6    8        4.58831570       52.20190306       25.40422132        0.00707852
  7    7        4.24008530       86.56264939       16.83412256        0.18249841
  8    8        4.58831570       37.00388065       39.17759433        0.00707852
  9    2        2.89589180       97.13518672       24.79207141        1.10750419
 10    6        4.23008660       87.22343297       43.15656875        0.37585195
 11    2        3.00569040      105.06458971       46.21731831        1.10494276
 12    3        2.98515040       46.25485082       32.75002026        0.91199504
 13    2        2.89589180       33.03917915       20.50702203        1.10750419
 14    3        2.82758590       95.81361955       16.52804761        0.91510903
 15    2        3.00569040       18.50194033       35.81076982        1.10494276
 16    3        2.82758590       18.50194033       14.69159787        0.91510903
 17    2        3.02186050       81.27638072       38.87151937        1.09778751
 18    3        2.82758590       98.45675388       44.99301849        0.91510903
 19    2        2.89589180       55.50582098       10.71262345        1.10750419
 20    6        4.23008660       21.80585824       27.24067106        0.37585195
 21    2        3.00569040       13.87645525        9.79439858        1.10494276
 22    7        4.23778750       61.45287323       40.70796911        0.17865857
 23    2        2.89589180       44.93328365       42.54441884        1.10750419
 24    7        4.92185880      103.74302255       12.24299823        0.19230703
 25    2        3.02835400        7.92940300       34.58646999        1.09970170
 26    3        3.00402900       68.06070906       36.11684477        0.90056183
 27    2        3.00569040       20.48429108       46.52339327        1.10494276
 28    4        3.21905940      103.08223896       21.11917194        0.73305648
 29    2        3.00569040        1.32156717       21.42524690        1.10494276
 30    8        4.40447030       35.02152990       29.07712079        0.01320434
 31    4        3.06230590       15.85880599       42.54441884        0.72929952
 32    2        2.97661120       50.88033590       46.52339327        1.10750419
 33    4        3.00760240       91.18813447       24.17992150        0.73571588
 34    7        4.78649100       41.62936574       22.34347177        0.18388096
 35    2        2.89589180       61.45287323       26.93459610        1.10750419
 36    8        4.40447030       25.77055974       17.44627247        0.01320434
 37    7        4.24008530       81.27638072       26.93459610        0.18249841
 38    4        3.06230590       56.16660456       33.36217017        0.72929952
 39    2        3.02186050       13.21567166       26.62852115        1.09778751
 40    4        3.21905940       78.63324639       18.97664725        0.73305648
 41    2        3.00569040       27.75291049       42.54441884        1.10494276
 42    5        3.77486430       74.66854489       34.28039504        0.54175170
 43    2        2.97661120       65.41757473       22.34347177        1.10750419
 44    4        3.09045000       53.52347023       17.75234743        0.73606268
 45    2        2.89589180       62.77444039       33.05609522        1.10750419
 46    1        1.75000000       16.51958958       21.42524690        1.27902916
 47    3        2.82758590       23.12742541       10.71262345        0.91510903
 48    4        3.66841450       55.93509926        2.54299059        0.72210192
 49   81        9.02105710       39.13365455        5.44042564      -13.95633842
 50   12        5.01579170       94.73233732       33.52912015       -0.74987054
 51    1        1.75000000       85.24108222       35.50469487        1.26976521
 52  186       10.76470365       76.09628531        2.27447907      -34.21276644
 53   12        5.01579170        8.09459889       16.65557884       -0.74987054

step =          41     # clusters =  54          # atoms 482 
 Ind    Pt               R               X               Y               E
  0    4        3.66841450       27.75291049       34.89254495        0.72210192
  1    2        2.89589180        7.92940300       40.70796911        1.10750419
  2    1        1.75000000       53.52347023       38.87151937        1.26547802
  3    6        4.12177150       60.79208965       16.52804761        0.38048965
  4    6        4.14230440      105.06458971       29.38319575        0.36589531
  5    6        4.14230440       72.02541056       26.01637123        0.36589531
  6    8        4.58831570       52.20190306       25.40422132        0.00707852
  7    7        4.24008530       86.56264939       16.83412256        0.18249841
  8    8        4.58831570       37.00388065       39.17759433        0.00707852
  9    2        2.89589180       97.13518672       24.79207141        1.10750419
 10    6        4.23008660       87.22343297       43.15656875        0.37585195
 11    2        3.00569040      105.06458971       46.21731831        1.10494276
 12    3        2.98515040       46.25485082       32.75002026        0.91199504
 13    2        2.89589180       33.03917915       20.50702203        1.10750419
 14    3        2.82758590       95.81361955       16.52804761        0.91510903
 15    2        3.00569040       18.50194033       35.81076982        1.10494276
 16    3        2.82758590       18.50194033       14.69159787        0.91510903
 17    2        3.02186050       81.27638072       38.87151937        1.09778751
 18    3        2.82758590       98.45675388       44.99301849        0.91510903
 19    2        2.89589180       55.50582098       10.71262345        1.10750419
 20    6        4.23008660       21.80585824       27.24067106        0.37585195
 21    2        3.00569040       13.87645525        9.79439858        1.10494276
 22    7        4.23778750       61.45287323       40.70796911        0.17865857
 23    2        2.89589180       44.93328365       42.54441884        1.10750419
 24    7        4.92185880      103.74302255       12.24299823        0.19230703
 25    2        3.02835400        7.92940300       34.58646999        1.09970170
 26    3        3.00402900       68.06070906       36.11684477        0.90056183
 27    2        3.00569040       20.48429108       46.52339327        1.10494276
 28    4        3.21905940      103.08223896       21.11917194        0.73305648
 29    2        3.00569040        1.32156717       21.42524690        1.10494276
 30    8        4.40447030       35.02152990       29.07712079        0.01320434
 31    4        3.06230590       15.85880599       42.54441884        0.72929952
 32    2        2.97661120       50.88033590       46.52339327        1.10750419
 33    4        3.00760240       91.18813447       24.17992150        0.73571588
 34    7        4.78649100       41.62936574       22.34347177        0.18388096
 35    2        2.89589180       61.45287323       26.93459610        1.10750419
 36    8        4.40447030       25.77055974       17.44627247        0.01320434
 37    7        4.24008530       81.27638072       26.93459610        0.18249841
 38    4        3.06230590       56.16660456       33.36217017        0.72929952
 39    2        3.02186050       13.21567166       26.62852115        1.09778751
 40    4        3.21905940       78.63324639       18.97664725        0.73305648
 41    2        3.00569040       27.75291049       42.54441884        1.10494276
 42    5        3.77486430       74.66854489       34.28039504        0.54175170
 43    2        2.97661120       65.41757473       22.34347177        1.10750419
 44    4        3.09045000       53.52347023       17.75234743        0.73606268
 45    2        2.89589180       62.77444039       33.05609522        1.10750419
 46    1        1.75000000       16.51958958       21.42524690        1.27902916
 47    3        2.82758590       23.12742541       10.71262345        0.91510903
 48    4        3.66841450       55.93509926        2.54299059        0.72210192
 49   81        9.02105710       39.13365455        5.44042564      -13.95633842
 50   12        5.01579170       94.73233732       33.52912015       -0.74987054
 51    1        1.75000000       85.24108222       35.50469487        1.26976521
 52  186       10.76470365       76.09628531        2.27447907      -34.21276644
 53   12        5.01579170        8.09459889       16.65557884       -0.74987054

step =          42     # clusters =  52          # atoms 482 
 Ind    Pt               R               X               Y               E
  0    4        3.66841450       27.75291049       34.89254495        0.72210192
  1    2        2.89589180        7.92940300       40.70796911        1.10750419
  2    1        1.75000000       53.52347023       38.87151937        1.26547802
  3    6        4.12177150       60.79208965       16.52804761        0.38048965
  4    6        4.14230440      105.06458971       29.38319575        0.36589531
  5    6        4.14230440       72.02541056       26.01637123        0.36589531
  6    8        4.58831570       52.20190306       25.40422132        0.00707852
  7    7        4.24008530       86.56264939       16.83412256        0.18249841
  8    8        4.58831570       37.00388065       39.17759433        0.00707852
  9    6        4.23008660       87.22343297       43.15656875        0.37585195
 10    2        3.00569040      105.06458971       46.21731831        1.10494276
 11    3        2.98515040       46.25485082       32.75002026        0.91199504
 12    2        2.89589180       33.03917915       20.50702203        1.10750419
 13    3        2.82758590       95.81361955       16.52804761        0.91510903
 14    2        3.00569040       18.50194033       35.81076982        1.10494276
 15    3        2.82758590       18.50194033       14.69159787        0.91510903
 16    2        3.02186050       81.27638072       38.87151937        1.09778751
 17    3        2.82758590       98.45675388       44.99301849        0.91510903
 18    2        2.89589180       55.50582098       10.71262345        1.10750419
 19    6        4.23008660       21.80585824       27.24067106        0.37585195
 20    2        3.00569040       13.87645525        9.79439858        1.10494276
 21    7        4.23778750       61.45287323       40.70796911        0.17865857
 22    2        2.89589180       44.93328365       42.54441884        1.10750419
 23    7        4.92185880      103.74302255       12.24299823        0.19230703
 24    2        3.02835400        7.92940300       34.58646999        1.09970170
 25    3        3.00402900       68.06070906       36.11684477        0.90056183
 26    2        3.00569040       20.48429108       46.52339327        1.10494276
 27    4        3.21905940      103.08223896       21.11917194        0.73305648
 28    2        3.00569040        1.32156717       21.42524690        1.10494276
 29    8        4.40447030       35.02152990       29.07712079        0.01320434
 30    4        3.06230590       15.85880599       42.54441884        0.72929952
 31    2        2.97661120       50.88033590       46.52339327        1.10750419
 32    7        4.78649100       41.62936574       22.34347177        0.18388096
 33    2        2.89589180       61.45287323       26.93459610        1.10750419
 34    8        4.40447030       25.77055974       17.44627247        0.01320434
 35    7        4.24008530       81.27638072       26.93459610        0.18249841
 36    4        3.06230590       56.16660456       33.36217017        0.72929952
 37    2        3.02186050       13.21567166       26.62852115        1.09778751
 38    4        3.21905940       78.63324639       18.97664725        0.73305648
 39    2        3.00569040       27.75291049       42.54441884        1.10494276
 40    5        3.77486430       74.66854489       34.28039504        0.54175170
 41    2        2.97661120       65.41757473       22.34347177        1.10750419
 42    4        3.09045000       53.52347023       17.75234743        0.73606268
 43    2        2.89589180       62.77444039       33.05609522        1.10750419
 44    1        1.75000000       16.51958958       21.42524690        1.27902916
 45    3        2.82758590       23.12742541       10.71262345        0.91510903
 46    4        3.66841450       55.93509926        2.54299059        0.72210192
 47   81        9.02105710       39.13365455        5.44042564      -13.95633842
 48    1        1.75000000       85.24108222       35.50469487        1.26976521
 49  186       10.76470365       76.09628531        2.27447907      -34.21276644
 50   12        5.01579170        8.09459889       16.65557884       -0.74987054
 51   18        5.86625470       94.54211175       30.51474558       -1.88406645

step =          43     # clusters =  52          # atoms 482 
 Ind    Pt               R               X               Y               E
  0    4        3.66841450       27.75291049       34.89254495        0.72210192
  1    2        2.89589180        7.92940300       40.70796911        1.10750419
  2    1        1.75000000       53.52347023       38.87151937        1.26547802
  3    6        4.12177150       60.79208965       16.52804761        0.38048965
  4    6        4.14230440      105.06458971       29.38319575        0.36589531
  5    6        4.14230440       72.02541056       26.01637123        0.36589531
  6    8        4.58831570       52.20190306       25.40422132        0.00707852
  7    7        4.24008530       86.56264939       16.83412256        0.18249841
  8    8        4.58831570       37.00388065       39.17759433        0.00707852
  9    6        4.23008660       87.22343297       43.15656875        0.37585195
 10    2        3.00569040      105.06458971       46.21731831        1.10494276
 11    3        2.98515040       46.25485082       32.75002026        0.91199504
 12    2        2.89589180       33.03917915       20.50702203        1.10750419
 13    3        2.82758590       95.81361955       16.52804761        0.91510903
 14    2        3.00569040       18.50194033       35.81076982        1.10494276
 15    3        2.82758590       18.50194033       14.69159787        0.91510903
 16    2        3.02186050       81.27638072       38.87151937        1.09778751
 17    3        2.82758590       98.45675388       44.99301849        0.91510903
 18    2        2.89589180       55.50582098       10.71262345        1.10750419
 19    6        4.23008660       21.80585824       27.24067106        0.37585195
 20    2        3.00569040       13.87645525        9.79439858        1.10494276
 21    7        4.23778750       61.45287323       40.70796911        0.17865857
 22    2        2.89589180       44.93328365       42.54441884        1.10750419
 23    7        4.92185880      103.74302255       12.24299823        0.19230703
 24    2        3.02835400        7.92940300       34.58646999        1.09970170
 25    3        3.00402900       68.06070906       36.11684477        0.90056183
 26    2        3.00569040       20.48429108       46.52339327        1.10494276
 27    4        3.21905940      103.08223896       21.11917194        0.73305648
 28    2        3.00569040        1.32156717       21.42524690        1.10494276
 29    8        4.40447030       35.02152990       29.07712079        0.01320434
 30    4        3.06230590       15.85880599       42.54441884        0.72929952
 31    2        2.97661120       50.88033590       46.52339327        1.10750419
 32    7        4.78649100       41.62936574       22.34347177        0.18388096
 33    2        2.89589180       61.45287323       26.93459610        1.10750419
 34    8        4.40447030       25.77055974       17.44627247        0.01320434
 35    7        4.24008530       81.27638072       26.93459610        0.18249841
 36    4        3.06230590       56.16660456       33.36217017        0.72929952
 37    2        3.02186050       13.21567166       26.62852115        1.09778751
 38    4        3.21905940       78.63324639       18.97664725        0.73305648
 39    2        3.00569040       27.75291049       42.54441884        1.10494276
 40    5        3.77486430       74.66854489       34.28039504        0.54175170
 41    2        2.97661120       65.41757473       22.34347177        1.10750419
 42    4        3.09045000       53.52347023       17.75234743        0.73606268
 43    2        2.89589180       62.77444039       33.05609522        1.10750419
 44    1        1.75000000       16.51958958       21.42524690        1.27902916
 45    3        2.82758590       23.12742541       10.71262345        0.91510903
 46    4        3.66841450       55.93509926        2.54299059        0.72210192
 47   81        9.02105710       39.13365455        5.44042564      -13.95633842
 48    1        1.75000000       85.24108222       35.50469487        1.26976521
 49  186       10.76470365       76.09628531        2.27447907      -34.21276644
 50   12        5.01579170        8.09459889       16.65557884       -0.74987054
 51   18        5.86625470       94.54211175       30.51474558       -1.88406645

step =          44     # clusters =  51          # atoms 482 
 Ind    Pt               R               X               Y               E
  0    4        3.66841450       27.75291049       34.89254495        0.72210192
  1    2        2.89589180        7.92940300       40.70796911        1.10750419
  2    1        1.75000000       53.52347023       38.87151937        1.26547802
  3    6        4.12177150       60.79208965       16.52804761        0.38048965
  4    6        4.14230440      105.06458971       29.38319575        0.36589531
  5    6        4.14230440       72.02541056       26.01637123        0.36589531
  6    8        4.58831570       52.20190306       25.40422132        0.00707852
  7    7        4.24008530       86.56264939       16.83412256        0.18249841
  8    8        4.58831570       37.00388065       39.17759433        0.00707852
  9    6        4.23008660       87.22343297       43.15656875        0.37585195
 10    2        3.00569040      105.06458971       46.21731831        1.10494276
 11    3        2.98515040       46.25485082       32.75002026        0.91199504
 12    2        2.89589180       33.03917915       20.50702203        1.10750419
 13    3        2.82758590       95.81361955       16.52804761        0.91510903
 14    2        3.00569040       18.50194033       35.81076982        1.10494276
 15    3        2.82758590       18.50194033       14.69159787        0.91510903
 16    3        3.00402900       81.27638072       38.87151937        0.90056183
 17    3        2.82758590       98.45675388       44.99301849        0.91510903
 18    2        2.89589180       55.50582098       10.71262345        1.10750419
 19    6        4.23008660       21.80585824       27.24067106        0.37585195
 20    2        3.00569040       13.87645525        9.79439858        1.10494276
 21    7        4.23778750       61.45287323       40.70796911        0.17865857
 22    2        2.89589180       44.93328365       42.54441884        1.10750419
 23    7        4.92185880      103.74302255       12.24299823        0.19230703
 24    2        3.02835400        7.92940300       34.58646999        1.09970170
 25    3        3.00402900       68.06070906       36.11684477        0.90056183
 26    2        3.00569040       20.48429108       46.52339327        1.10494276
 27    4        3.21905940      103.08223896       21.11917194        0.73305648
 28    2        3.00569040        1.32156717       21.42524690        1.10494276
 29    8        4.40447030       35.02152990       29.07712079        0.01320434
 30    4        3.06230590       15.85880599       42.54441884        0.72929952
 31    2        2.97661120       50.88033590       46.52339327        1.10750419
 32    7        4.78649100       41.62936574       22.34347177        0.18388096
 33    2        2.89589180       61.45287323       26.93459610        1.10750419
 34    8        4.40447030       25.77055974       17.44627247        0.01320434
 35    7        4.24008530       81.27638072       26.93459610        0.18249841
 36    4        3.06230590       56.16660456       33.36217017        0.72929952
 37    2        3.02186050       13.21567166       26.62852115        1.09778751
 38    4        3.21905940       78.63324639       18.97664725        0.73305648
 39    2        3.00569040       27.75291049       42.54441884        1.10494276
 40    5        3.77486430       74.66854489       34.28039504        0.54175170
 41    2        2.97661120       65.41757473       22.34347177        1.10750419
 42    4        3.09045000       53.52347023       17.75234743        0.73606268
 43    2        2.89589180       62.77444039       33.05609522        1.10750419
 44    1        1.75000000       16.51958958       21.42524690        1.27902916
 45    3        2.82758590       23.12742541       10.71262345        0.91510903
 46    4        3.66841450       55.93509926        2.54299059        0.72210192
 47   81        9.02105710       39.13365455        5.44042564      -13.95633842
 48  186       10.76470365       76.09628531        2.27447907      -34.21276644
 49   12        5.01579170        8.09459889       16.65557884       -0.74987054
 50   18        5.86625470       94.54211175       30.51474558       -1.88406645

step =          45     # clusters =  51          # atoms 482 
 Ind    Pt               R               X               Y               E
  0    4        3.66841450       27.75291049       34.89254495        0.72210192
  1    2        2.89589180        7.92940300       40.70796911        1.10750419
  2    1        1.75000000       53.52347023       38.87151937        1.26547802
  3    6        4.12177150       60.79208965       16.52804761        0.38048965
  4    6        4.14230440      105.06458971       29.38319575        0.36589531
  5    6        4.14230440       72.02541056       26.01637123        0.36589531
  6    8        4.58831570       52.20190306       25.40422132        0.00707852
  7    7        4.24008530       86.56264939       16.83412256        0.18249841
  8    8        4.58831570       37.00388065       39.17759433        0.00707852
  9    6        4.23008660       87.22343297       43.15656875        0.37585195
 10    2        3.00569040      105.06458971       46.21731831        1.10494276
 11    3        2.98515040       46.25485082       32.75002026        0.91199504
 12    2        2.89589180       33.03917915       20.50702203        1.10750419
 13    3        2.82758590       95.81361955       16.52804761        0.91510903
 14    2        3.00569040       18.50194033       35.81076982        1.10494276
 15    3        2.82758590       18.50194033       14.69159787        0.91510903
 16    3        3.00402900       81.27638072       38.87151937        0.90056183
 17    3        2.82758590       98.45675388       44.99301849        0.91510903
 18    2        2.89589180       55.50582098       10.71262345        1.10750419
 19    6        4.23008660       21.80585824       27.24067106        0.37585195
 20    2        3.00569040       13.87645525        9.79439858        1.10494276
 21    7        4.23778750       61.45287323       40.70796911        0.17865857
 22    2        2.89589180       44.93328365       42.54441884        1.10750419
 23    7        4.92185880      103.74302255       12.24299823        0.19230703
 24    2        3.02835400        7.92940300       34.58646999        1.09970170
 25    3        3.00402900       68.06070906       36.11684477        0.90056183
 26    2        3.00569040       20.48429108       46.52339327        1.10494276
 27    4        3.21905940      103.08223896       21.11917194        0.73305648
 28    2        3.00569040        1.32156717       21.42524690        1.10494276
 29    8        4.40447030       35.02152990       29.07712079        0.01320434
 30    4        3.06230590       15.85880599       42.54441884        0.72929952
 31    2        2.97661120       50.88033590       46.52339327        1.10750419
 32    7        4.78649100       41.62936574       22.34347177        0.18388096
 33    2        2.89589180       61.45287323       26.93459610        1.10750419
 34    8        4.40447030       25.77055974       17.44627247        0.01320434
 35    7        4.24008530       81.27638072       26.93459610        0.18249841
 36    4        3.06230590       56.16660456       33.36217017        0.72929952
 37    2        3.02186050       13.21567166       26.62852115        1.09778751
 38    4        3.21905940       78.63324639       18.97664725        0.73305648
 39    2        3.00569040       27.75291049       42.54441884        1.10494276
 40    5        3.77486430       74.66854489       34.28039504        0.54175170
 41    2        2.97661120       65.41757473       22.34347177        1.10750419
 42    4        3.09045000       53.52347023       17.75234743        0.73606268
 43    2        2.89589180       62.77444039       33.05609522        1.10750419
 44    1        1.75000000       16.51958958       21.42524690        1.27902916
 45    3        2.82758590       23.12742541       10.71262345        0.91510903
 46    4        3.66841450       55.93509926        2.54299059        0.72210192
 47   81        9.02105710       39.13365455        5.44042564      -13.95633842
 48  186       10.76470365       76.09628531        2.27447907      -34.21276644
 49   12        5.01579170        8.09459889       16.65557884       -0.74987054
 50   18        5.86625470       94.54211175       30.51474558       -1.88406645

step =          46     # clusters =  51          # atoms 482 
 Ind    Pt               R               X               Y               E
  0    4        3.66841450       27.75291049       34.89254495        0.72210192
  1    2        2.89589180        7.92940300       40.70796911        1.10750419
  2    1        1.75000000       53.52347023       38.87151937        1.26547802
  3    6        4.12177150       60.79208965       16.52804761        0.38048965
  4    6        4.14230440      105.06458971       29.38319575        0.36589531
  5    6        4.14230440       72.02541056       26.01637123        0.36589531
  6    8        4.58831570       52.20190306       25.40422132        0.00707852
  7    7        4.24008530       86.56264939       16.83412256        0.18249841
  8    8        4.58831570       37.00388065       39.17759433        0.00707852
  9    6        4.23008660       87.22343297       43.15656875        0.37585195
 10    2        3.00569040      105.06458971       46.21731831        1.10494276
 11    3        2.98515040       46.25485082       32.75002026        0.91199504
 12    2        2.89589180       33.03917915       20.50702203        1.10750419
 13    3        2.82758590       95.81361955       16.52804761        0.91510903
 14    2        3.00569040       18.50194033       35.81076982        1.10494276
 15    3        2.82758590       18.50194033       14.69159787        0.91510903
 16    3        3.00402900       81.27638072       38.87151937        0.90056183
 17    3        2.82758590       98.45675388       44.99301849        0.91510903
 18    2        2.89589180       55.50582098       10.71262345        1.10750419
 19    6        4.23008660       21.80585824       27.24067106        0.37585195
 20    2        3.00569040       13.87645525        9.79439858        1.10494276
 21    7        4.23778750       61.45287323       40.70796911        0.17865857
 22    2        2.89589180       44.93328365       42.54441884        1.10750419
 23    7        4.92185880      103.74302255       12.24299823        0.19230703
 24    2        3.02835400        7.92940300       34.58646999        1.09970170
 25    3        3.00402900       68.06070906       36.11684477        0.90056183
 26    2        3.00569040       20.48429108       46.52339327        1.10494276
 27    4        3.21905940      103.08223896       21.11917194        0.73305648
 28    2        3.00569040        1.32156717       21.42524690        1.10494276
 29    8        4.40447030       35.02152990       29.07712079        0.01320434
 30    4        3.06230590       15.85880599       42.54441884        0.72929952
 31    2        2.97661120       50.88033590       46.52339327        1.10750419
 32    7        4.78649100       41.62936574       22.34347177        0.18388096
 33    2        2.89589180       61.45287323       26.93459610        1.10750419
 34    8        4.40447030       25.77055974       17.44627247        0.01320434
 35    7        4.24008530       81.27638072       26.93459610        0.18249841
 36    4        3.06230590       56.16660456       33.36217017        0.72929952
 37    2        3.02186050       13.21567166       26.62852115        1.09778751
 38    4        3.21905940       78.63324639       18.97664725        0.73305648
 39    2        3.00569040       27.75291049       42.54441884        1.10494276
 40    5        3.77486430       74.66854489       34.28039504        0.54175170
 41    2        2.97661120       65.41757473       22.34347177        1.10750419
 42    4        3.09045000       53.52347023       17.75234743        0.73606268
 43    2        2.89589180       62.77444039       33.05609522        1.10750419
 44    1        1.75000000       16.51958958       21.42524690        1.27902916
 45    3        2.82758590       23.12742541       10.71262345        0.91510903
 46    4        3.66841450       55.93509926        2.54299059        0.72210192
 47   81        9.02105710       39.13365455        5.44042564      -13.95633842
 48  186       10.76470365       76.09628531        2.27447907      -34.21276644
 49   12        5.01579170        8.09459889       16.65557884       -0.74987054
 50   18        5.86625470       94.54211175       30.51474558       -1.88406645

step =          47     # clusters =  51          # atoms 482 
 Ind    Pt               R               X               Y               E
  0    4        3.66841450       27.75291049       34.89254495        0.72210192
  1    2        2.89589180        7.92940300       40.70796911        1.10750419
  2    1        1.75000000       53.52347023       38.87151937        1.26547802
  3    6        4.12177150       60.79208965       16.52804761        0.38048965
  4    6        4.14230440      105.06458971       29.38319575        0.36589531
  5    6        4.14230440       72.02541056       26.01637123        0.36589531
  6    8        4.58831570       52.20190306       25.40422132        0.00707852
  7    7        4.24008530       86.56264939       16.83412256        0.18249841
  8    8        4.58831570       37.00388065       39.17759433        0.00707852
  9    6        4.23008660       87.22343297       43.15656875        0.37585195
 10    2        3.00569040      105.06458971       46.21731831        1.10494276
 11    3        2.98515040       46.25485082       32.75002026        0.91199504
 12    2        2.89589180       33.03917915       20.50702203        1.10750419
 13    3        2.82758590       95.81361955       16.52804761        0.91510903
 14    2        3.00569040       18.50194033       35.81076982        1.10494276
 15    3        2.82758590       18.50194033       14.69159787        0.91510903
 16    3        3.00402900       81.27638072       38.87151937        0.90056183
 17    3        2.82758590       98.45675388       44.99301849        0.91510903
 18    2        2.89589180       55.50582098       10.71262345        1.10750419
 19    6        4.23008660       21.80585824       27.24067106        0.37585195
 20    2        3.00569040       13.87645525        9.79439858        1.10494276
 21    7        4.23778750       61.45287323       40.70796911        0.17865857
 22    2        2.89589180       44.93328365       42.54441884        1.10750419
 23    7        4.92185880      103.74302255       12.24299823        0.19230703
 24    2        3.02835400        7.92940300       34.58646999        1.09970170
 25    3        3.00402900       68.06070906       36.11684477        0.90056183
 26    2        3.00569040       20.48429108       46.52339327        1.10494276
 27    4        3.21905940      103.08223896       21.11917194        0.73305648
 28    2        3.00569040        1.32156717       21.42524690        1.10494276
 29    8        4.40447030       35.02152990       29.07712079        0.01320434
 30    4        3.06230590       15.85880599       42.54441884        0.72929952
 31    2        2.97661120       50.88033590       46.52339327        1.10750419
 32    7        4.78649100       41.62936574       22.34347177        0.18388096
 33    2        2.89589180       61.45287323       26.93459610        1.10750419
 34    8        4.40447030       25.77055974       17.44627247        0.01320434
 35    7        4.24008530       81.27638072       26.93459610        0.18249841
 36    4        3.06230590       56.16660456       33.36217017        0.72929952
 37    2        3.02186050       13.21567166       26.62852115        1.09778751
 38    4        3.21905940       78.63324639       18.97664725        0.73305648
 39    2        3.00569040       27.75291049       42.54441884        1.10494276
 40    5        3.77486430       74.66854489       34.28039504        0.54175170
 41    2        2.97661120       65.41757473       22.34347177        1.10750419
 42    4        3.09045000       53.52347023       17.75234743        0.73606268
 43    2        2.89589180       62.77444039       33.05609522        1.10750419
 44    1        1.75000000       16.51958958       21.42524690        1.27902916
 45    3        2.82758590       23.12742541       10.71262345        0.91510903
 46    4        3.66841450       55.93509926        2.54299059        0.72210192
 47   81        9.02105710       39.13365455        5.44042564      -13.95633842
 48  186       10.76470365       76.09628531        2.27447907      -34.21276644
 49   12        5.01579170        8.09459889       16.65557884       -0.74987054
 50   18        5.86625470       94.54211175       30.51474558       -1.88406645

step =          48     # clusters =  51          # atoms 482 
 Ind    Pt               R               X               Y               E
  0    4        3.66841450       27.75291049       34.89254495        0.72210192
  1    2        2.89589180        7.92940300       40.70796911        1.10750419
  2    1        1.75000000       53.52347023       38.87151937        1.26547802
  3    6        4.12177150       60.79208965       16.52804761        0.38048965
  4    6        4.14230440      105.06458971       29.38319575        0.36589531
  5    6        4.14230440       72.02541056       26.01637123        0.36589531
  6    8        4.58831570       52.20190306       25.40422132        0.00707852
  7    7        4.24008530       86.56264939       16.83412256        0.18249841
  8    8        4.58831570       37.00388065       39.17759433        0.00707852
  9    6        4.23008660       87.22343297       43.15656875        0.37585195
 10    2        3.00569040      105.06458971       46.21731831        1.10494276
 11    3        2.98515040       46.25485082       32.75002026        0.91199504
 12    2        2.89589180       33.03917915       20.50702203        1.10750419
 13    3        2.82758590       95.81361955       16.52804761        0.91510903
 14    2        3.00569040       18.50194033       35.81076982        1.10494276
 15    3        2.82758590       18.50194033       14.69159787        0.91510903
 16    3        3.00402900       81.27638072       38.87151937        0.90056183
 17    3        2.82758590       98.45675388       44.99301849        0.91510903
 18    2        2.89589180       55.50582098       10.71262345        1.10750419
 19    6        4.23008660       21.80585824       27.24067106        0.37585195
 20    2        3.00569040       13.87645525        9.79439858        1.10494276
 21    7        4.23778750       61.45287323       40.70796911        0.17865857
 22    2        2.89589180       44.93328365       42.54441884        1.10750419
 23    7        4.92185880      103.74302255       12.24299823        0.19230703
 24    2        3.02835400        7.92940300       34.58646999        1.09970170
 25    3        3.00402900       68.06070906       36.11684477        0.90056183
 26    2        3.00569040       20.48429108       46.52339327        1.10494276
 27    4        3.21905940      103.08223896       21.11917194        0.73305648
 28    2        3.00569040        1.32156717       21.42524690        1.10494276
 29    8        4.40447030       35.02152990       29.07712079        0.01320434
 30    4        3.06230590       15.85880599       42.54441884        0.72929952
 31    2        2.97661120       50.88033590       46.52339327        1.10750419
 32    7        4.78649100       41.62936574       22.34347177        0.18388096
 33    2        2.89589180       61.45287323       26.93459610        1.10750419
 34    8        4.40447030       25.77055974       17.44627247        0.01320434
 35    7        4.24008530       81.27638072       26.93459610        0.18249841
 36    4        3.06230590       56.16660456       33.36217017        0.72929952
 37    2        3.02186050       13.21567166       26.62852115        1.09778751
 38    4        3.21905940       78.63324639       18.97664725        0.73305648
 39    2        3.00569040       27.75291049       42.54441884        1.10494276
 40    5        3.77486430       74.66854489       34.28039504        0.54175170
 41    2        2.97661120       65.41757473       22.34347177        1.10750419
 42    4        3.09045000       53.52347023       17.75234743        0.73606268
 43    2        2.89589180       62.77444039       33.05609522        1.10750419
 44    1        1.75000000       16.51958958       21.42524690        1.27902916
 45    3        2.82758590       23.12742541       10.71262345        0.91510903
 46    4        3.66841450       55.93509926        2.54299059        0.72210192
 47   81        9.02105710       39.13365455        5.44042564      -13.95633842
 48  186       10.76470365       76.09628531        2.27447907      -34.21276644
 49   12        5.01579170        8.09459889       16.65557884       -0.74987054
 50   18        5.86625470       94.54211175       30.51474558       -1.88406645

step =          49     # clusters =  51          # atoms 482 
 Ind    Pt               R               X               Y               E
  0    4        3.66841450       27.75291049       34.89254495        0.72210192
  1    2        2.89589180        7.92940300       40.70796911        1.10750419
  2    1        1.75000000       53.52347023       38.87151937        1.26547802
  3    6        4.12177150       60.79208965       16.52804761        0.38048965
  4    6        4.14230440      105.06458971       29.38319575        0.36589531
  5    6        4.14230440       72.02541056       26.01637123        0.36589531
  6    8        4.58831570       52.20190306       25.40422132        0.00707852
  7    7        4.24008530       86.56264939       16.83412256        0.18249841
  8    8        4.58831570       37.00388065       39.17759433        0.00707852
  9    6        4.23008660       87.22343297       43.15656875        0.37585195
 10    2        3.00569040      105.06458971       46.21731831        1.10494276
 11    3        2.98515040       46.25485082       32.75002026        0.91199504
 12    2        2.89589180       33.03917915       20.50702203        1.10750419
 13    3        2.82758590       95.81361955       16.52804761        0.91510903
 14    2        3.00569040       18.50194033       35.81076982        1.10494276
 15    3        2.82758590       18.50194033       14.69159787        0.91510903
 16    3        3.00402900       81.27638072       38.87151937        0.90056183
 17    3        2.82758590       98.45675388       44.99301849        0.91510903
 18    2        2.89589180       55.50582098       10.71262345        1.10750419
 19    6        4.23008660       21.80585824       27.24067106        0.37585195
 20    2        3.00569040       13.87645525        9.79439858        1.10494276
 21    7        4.23778750       61.45287323       40.70796911        0.17865857
 22    2        2.89589180       44.93328365       42.54441884        1.10750419
 23    7        4.92185880      103.74302255       12.24299823        0.19230703
 24    2        3.02835400        7.92940300       34.58646999        1.09970170
 25    3        3.00402900       68.06070906       36.11684477        0.90056183
 26    2        3.00569040       20.48429108       46.52339327        1.10494276
 27    4        3.21905940      103.08223896       21.11917194        0.73305648
 28    2        3.00569040        1.32156717       21.42524690        1.10494276
 29    8        4.40447030       35.02152990       29.07712079        0.01320434
 30    4        3.06230590       15.85880599       42.54441884        0.72929952
 31    2        2.97661120       50.88033590       46.52339327        1.10750419
 32    7        4.78649100       41.62936574       22.34347177        0.18388096
 33    2        2.89589180       61.45287323       26.93459610        1.10750419
 34    8        4.40447030       25.77055974       17.44627247        0.01320434
 35    7        4.24008530       81.27638072       26.93459610        0.18249841
 36    4        3.06230590       56.16660456       33.36217017        0.72929952
 37    2        3.02186050       13.21567166       26.62852115        1.09778751
 38    4        3.21905940       78.63324639       18.97664725        0.73305648
 39    2        3.00569040       27.75291049       42.54441884        1.10494276
 40    5        3.77486430       74.66854489       34.28039504        0.54175170
 41    2        2.97661120       65.41757473       22.34347177        1.10750419
 42    4        3.09045000       53.52347023       17.75234743        0.73606268
 43    2        2.89589180       62.77444039       33.05609522        1.10750419
 44    1        1.75000000       16.51958958       21.42524690        1.27902916
 45    3        2.82758590       23.12742541       10.71262345        0.91510903
 46    4        3.66841450       55.93509926        2.54299059        0.72210192
 47   81        9.02105710       39.13365455        5.44042564      -13.95633842
 48  186       10.76470365       76.09628531        2.27447907      -34.21276644
 49   12        5.01579170        8.09459889       16.65557884       -0.74987054
 50   18        5.86625470       94.54211175       30.51474558       -1.88406645

step =          50     # clusters =  51          # atoms 482 
 Ind    Pt               R               X               Y               E
  0    4        3.66841450       27.75291049       34.89254495        0.72210192
  1    2        2.89589180        7.92940300       40.70796911        1.10750419
  2    1        1.75000000       53.52347023       38.87151937        1.26547802
  3    6        4.12177150       60.79208965       16.52804761        0.38048965
  4    6        4.14230440      105.06458971       29.38319575        0.36589531
  5    6        4.14230440       72.02541056       26.01637123        0.36589531
  6    8        4.58831570       52.20190306       25.40422132        0.00707852
  7    7        4.24008530       86.56264939       16.83412256        0.18249841
  8    8        4.58831570       37.00388065       39.17759433        0.00707852
  9    6        4.23008660       87.22343297       43.15656875        0.37585195
 10    2        3.00569040      105.06458971       46.21731831        1.10494276
 11    3        2.98515040       46.25485082       32.75002026        0.91199504
 12    2        2.89589180       33.03917915       20.50702203        1.10750419
 13    3        2.82758590       95.81361955       16.52804761        0.91510903
 14    2        3.00569040       18.50194033       35.81076982        1.10494276
 15    3        2.82758590       18.50194033       14.69159787        0.91510903
 16    3        3.00402900       81.27638072       38.87151937        0.90056183
 17    3        2.82758590       98.45675388       44.99301849        0.91510903
 18    2        2.89589180       55.50582098       10.71262345        1.10750419
 19    6        4.23008660       21.80585824       27.24067106        0.37585195
 20    2        3.00569040       13.87645525        9.79439858        1.10494276
 21    7        4.23778750       61.45287323       40.70796911        0.17865857
 22    2        2.89589180       44.93328365       42.54441884        1.10750419
 23    7        4.92185880      103.74302255       12.24299823        0.19230703
 24    2        3.02835400        7.92940300       34.58646999        1.09970170
 25    3        3.00402900       68.06070906       36.11684477        0.90056183
 26    2        3.00569040       20.48429108       46.52339327        1.10494276
 27    4        3.21905940      103.08223896       21.11917194        0.73305648
 28    2        3.00569040        1.32156717       21.42524690        1.10494276
 29    8        4.40447030       35.02152990       29.07712079        0.01320434
 30    4        3.06230590       15.85880599       42.54441884        0.72929952
 31    2        2.97661120       50.88033590       46.52339327        1.10750419
 32    7        4.78649100       41.62936574       22.34347177        0.18388096
 33    2        2.89589180       61.45287323       26.93459610        1.10750419
 34    8        4.40447030       25.77055974       17.44627247        0.01320434
 35    7        4.24008530       81.27638072       26.93459610        0.18249841
 36    4        3.06230590       56.16660456       33.36217017        0.72929952
 37    2        3.02186050       13.21567166       26.62852115        1.09778751
 38    4        3.21905940       78.63324639       18.97664725        0.73305648
 39    2        3.00569040       27.75291049       42.54441884        1.10494276
 40    5        3.77486430       74.66854489       34.28039504        0.54175170
 41    2        2.97661120       65.41757473       22.34347177        1.10750419
 42    4        3.09045000       53.52347023       17.75234743        0.73606268
 43    2        2.89589180       62.77444039       33.05609522        1.10750419
 44    1        1.75000000       16.51958958       21.42524690        1.27902916
 45    3        2.82758590       23.12742541       10.71262345        0.91510903
 46    4        3.66841450       55.93509926        2.54299059        0.72210192
 47   81        9.02105710       39.13365455        5.44042564      -13.95633842
 48  186       10.76470365       76.09628531        2.27447907      -34.21276644
 49   12        5.01579170        8.09459889       16.65557884       -0.74987054
 50   18        5.86625470       94.54211175       30.51474558       -1.88406645

step =          51     # clusters =  51          # atoms 482 
 Ind    Pt               R               X               Y               E
  0    4        3.66841450       27.75291049       34.89254495        0.72210192
  1    2        2.89589180        7.92940300       40.70796911        1.10750419
  2    1        1.75000000       53.52347023       38.87151937        1.26547802
  3    6        4.12177150       60.79208965       16.52804761        0.38048965
  4    6        4.14230440      105.06458971       29.38319575        0.36589531
  5    6        4.14230440       72.02541056       26.01637123        0.36589531
  6    8        4.58831570       52.20190306       25.40422132        0.00707852
  7    7        4.24008530       86.56264939       16.83412256        0.18249841
  8    8        4.58831570       37.00388065       39.17759433        0.00707852
  9    6        4.23008660       87.22343297       43.15656875        0.37585195
 10    2        3.00569040      105.06458971       46.21731831        1.10494276
 11    3        2.98515040       46.25485082       32.75002026        0.91199504
 12    2        2.89589180       33.03917915       20.50702203        1.10750419
 13    3        2.82758590       95.81361955       16.52804761        0.91510903
 14    2        3.00569040       18.50194033       35.81076982        1.10494276
 15    3        2.82758590       18.50194033       14.69159787        0.91510903
 16    3        3.00402900       81.27638072       38.87151937        0.90056183
 17    3        2.82758590       98.45675388       44.99301849        0.91510903
 18    2        2.89589180       55.50582098       10.71262345        1.10750419
 19    6        4.23008660       21.80585824       27.24067106        0.37585195
 20    2        3.00569040       13.87645525        9.79439858        1.10494276
 21    7        4.23778750       61.45287323       40.70796911        0.17865857
 22    2        2.89589180       44.93328365       42.54441884        1.10750419
 23    7        4.92185880      103.74302255       12.24299823        0.19230703
 24    2        3.02835400        7.92940300       34.58646999        1.09970170
 25    3        3.00402900       68.06070906       36.11684477        0.90056183
 26    2        3.00569040       20.48429108       46.52339327        1.10494276
 27    4        3.21905940      103.08223896       21.11917194        0.73305648
 28    2        3.00569040        1.32156717       21.42524690        1.10494276
 29    8        4.40447030       35.02152990       29.07712079        0.01320434
 30    4        3.06230590       15.85880599       42.54441884        0.72929952
 31    2        2.97661120       50.88033590       46.52339327        1.10750419
 32    7        4.78649100       41.62936574       22.34347177        0.18388096
 33    2        2.89589180       61.45287323       26.93459610        1.10750419
 34    8        4.40447030       25.77055974       17.44627247        0.01320434
 35    7        4.24008530       81.27638072       26.93459610        0.18249841
 36    4        3.06230590       56.16660456       33.36217017        0.72929952
 37    2        3.02186050       13.21567166       26.62852115        1.09778751
 38    4        3.21905940       78.63324639       18.97664725        0.73305648
 39    2        3.00569040       27.75291049       42.54441884        1.10494276
 40    5        3.77486430       74.66854489       34.28039504        0.54175170
 41    2        2.97661120       65.41757473       22.34347177        1.10750419
 42    4        3.09045000       53.52347023       17.75234743        0.73606268
 43    2        2.89589180       62.77444039       33.05609522        1.10750419
 44    1        1.75000000       16.51958958       21.42524690        1.27902916
 45    3        2.82758590       23.12742541       10.71262345        0.91510903
 46    4        3.66841450       55.93509926        2.54299059        0.72210192
 47   81        9.02105710       39.13365455        5.44042564      -13.95633842
 48  186       10.76470365       76.09628531        2.27447907      -34.21276644
 49   12        5.01579170        8.09459889       16.65557884       -0.74987054
 50   18        5.86625470       94.54211175       30.51474558       -1.88406645

step =          52     # clusters =  51          # atoms 482 
 Ind    Pt               R               X               Y               E
  0    4        3.66841450       27.75291049       34.89254495        0.72210192
  1    2        2.89589180        7.92940300       40.70796911        1.10750419
  2    1        1.75000000       53.52347023       38.87151937        1.26547802
  3    6        4.12177150       60.79208965       16.52804761        0.38048965
  4    6        4.14230440      105.06458971       29.38319575        0.36589531
  5    6        4.14230440       72.02541056       26.01637123        0.36589531
  6    8        4.58831570       52.20190306       25.40422132        0.00707852
  7    7        4.24008530       86.56264939       16.83412256        0.18249841
  8    8        4.58831570       37.00388065       39.17759433        0.00707852
  9    6        4.23008660       87.22343297       43.15656875        0.37585195
 10    2        3.00569040      105.06458971       46.21731831        1.10494276
 11    3        2.98515040       46.25485082       32.75002026        0.91199504
 12    2        2.89589180       33.03917915       20.50702203        1.10750419
 13    3        2.82758590       95.81361955       16.52804761        0.91510903
 14    2        3.00569040       18.50194033       35.81076982        1.10494276
 15    3        2.82758590       18.50194033       14.69159787        0.91510903
 16    3        3.00402900       81.27638072       38.87151937        0.90056183
 17    3        2.82758590       98.45675388       44.99301849        0.91510903
 18    2        2.89589180       55.50582098       10.71262345        1.10750419
 19    6        4.23008660       21.80585824       27.24067106        0.37585195
 20    2        3.00569040       13.87645525        9.79439858        1.10494276
 21    7        4.23778750       61.45287323       40.70796911        0.17865857
 22    2        2.89589180       44.93328365       42.54441884        1.10750419
 23    7        4.92185880      103.74302255       12.24299823        0.19230703
 24    2        3.02835400        7.92940300       34.58646999        1.09970170
 25    3        3.00402900       68.06070906       36.11684477        0.90056183
 26    2        3.00569040       20.48429108       46.52339327        1.10494276
 27    4        3.21905940      103.08223896       21.11917194        0.73305648
 28    2        3.00569040        1.32156717       21.42524690        1.10494276
 29    8        4.40447030       35.02152990       29.07712079        0.01320434
 30    4        3.06230590       15.85880599       42.54441884        0.72929952
 31    2        2.97661120       50.88033590       46.52339327        1.10750419
 32    7        4.78649100       41.62936574       22.34347177        0.18388096
 33    2        2.89589180       61.45287323       26.93459610        1.10750419
 34    8        4.40447030       25.77055974       17.44627247        0.01320434
 35    7        4.24008530       81.27638072       26.93459610        0.18249841
 36    4        3.06230590       56.16660456       33.36217017        0.72929952
 37    2        3.02186050       13.21567166       26.62852115        1.09778751
 38    4        3.21905940       78.63324639       18.97664725        0.73305648
 39    2        3.00569040       27.75291049       42.54441884        1.10494276
 40    5        3.77486430       74.66854489       34.28039504        0.54175170
 41    2        2.97661120       65.41757473       22.34347177        1.10750419
 42    4        3.09045000       53.52347023       17.75234743        0.73606268
 43    2        2.89589180       62.77444039       33.05609522        1.10750419
 44    1        1.75000000       16.51958958       21.42524690        1.27902916
 45    3        2.82758590       23.12742541       10.71262345        0.91510903
 46    4        3.66841450       55.93509926        2.54299059        0.72210192
 47   81        9.02105710       39.13365455        5.44042564      -13.95633842
 48  186       10.76470365       76.09628531        2.27447907      -34.21276644
 49   12        5.01579170        8.09459889       16.65557884       -0.74987054
 50   18        5.86625470       94.54211175       30.51474558       -1.88406645

step =          53     # clusters =  51          # atoms 482 
 Ind    Pt               R               X               Y               E
  0    4        3.66841450       27.75291049       34.89254495        0.72210192
  1    2        2.89589180        7.92940300       40.70796911        1.10750419
  2    1        1.75000000       53.52347023       38.87151937        1.26547802
  3    6        4.12177150       60.79208965       16.52804761        0.38048965
  4    6        4.14230440      105.06458971       29.38319575        0.36589531
  5    6        4.14230440       72.02541056       26.01637123        0.36589531
  6    8        4.58831570       52.20190306       25.40422132        0.00707852
  7    7        4.24008530       86.56264939       16.83412256        0.18249841
  8    8        4.58831570       37.00388065       39.17759433        0.00707852
  9    6        4.23008660       87.22343297       43.15656875        0.37585195
 10    2        3.00569040      105.06458971       46.21731831        1.10494276
 11    3        2.98515040       46.25485082       32.75002026        0.91199504
 12    2        2.89589180       33.03917915       20.50702203        1.10750419
 13    3        2.82758590       95.81361955       16.52804761        0.91510903
 14    2        3.00569040       18.50194033       35.81076982        1.10494276
 15    3        2.82758590       18.50194033       14.69159787        0.91510903
 16    3        3.00402900       81.27638072       38.87151937        0.90056183
 17    3        2.82758590       98.45675388       44.99301849        0.91510903
 18    2        2.89589180       55.50582098       10.71262345        1.10750419
 19    6        4.23008660       21.80585824       27.24067106        0.37585195
 20    2        3.00569040       13.87645525        9.79439858        1.10494276
 21    7        4.23778750       61.45287323       40.70796911        0.17865857
 22    2        2.89589180       44.93328365       42.54441884        1.10750419
 23    7        4.92185880      103.74302255       12.24299823        0.19230703
 24    2        3.02835400        7.92940300       34.58646999        1.09970170
 25    3        3.00402900       68.06070906       36.11684477        0.90056183
 26    2        3.00569040       20.48429108       46.52339327        1.10494276
 27    4        3.21905940      103.08223896       21.11917194        0.73305648
 28    2        3.00569040        1.32156717       21.42524690        1.10494276
 29    8        4.40447030       35.02152990       29.07712079        0.01320434
 30    4        3.06230590       15.85880599       42.54441884        0.72929952
 31    2        2.97661120       50.88033590       46.52339327        1.10750419
 32    7        4.78649100       41.62936574       22.34347177        0.18388096
 33    2        2.89589180       61.45287323       26.93459610        1.10750419
 34    8        4.40447030       25.77055974       17.44627247        0.01320434
 35    7        4.24008530       81.27638072       26.93459610        0.18249841
 36    4        3.06230590       56.16660456       33.36217017        0.72929952
 37    2        3.02186050       13.21567166       26.62852115        1.09778751
 38    4        3.21905940       78.63324639       18.97664725        0.73305648
 39    2        3.00569040       27.75291049       42.54441884        1.10494276
 40    5        3.77486430       74.66854489       34.28039504        0.54175170
 41    2        2.97661120       65.41757473       22.34347177        1.10750419
 42    4        3.09045000       53.52347023       17.75234743        0.73606268
 43    2        2.89589180       62.77444039       33.05609522        1.10750419
 44    1        1.75000000       16.51958958       21.42524690        1.27902916
 45    3        2.82758590       23.12742541       10.71262345        0.91510903
 46    4        3.66841450       55.93509926        2.54299059        0.72210192
 47   81        9.02105710       39.13365455        5.44042564      -13.95633842
 48  186       10.76470365       76.09628531        2.27447907      -34.21276644
 49   12        5.01579170        8.09459889       16.65557884       -0.74987054
 50   18        5.86625470       94.54211175       30.51474558       -1.88406645

step =          54     # clusters =  51          # atoms 482 
 Ind    Pt               R               X               Y               E
  0    4        3.66841450       27.75291049       34.89254495        0.72210192
  1    2        2.89589180        7.92940300       40.70796911        1.10750419
  2    1        1.75000000       53.52347023       38.87151937        1.26547802
  3    6        4.12177150       60.79208965       16.52804761        0.38048965
  4    6        4.14230440      105.06458971       29.38319575        0.36589531
  5    6        4.14230440       72.02541056       26.01637123        0.36589531
  6    8        4.58831570       52.20190306       25.40422132        0.00707852
  7    7        4.24008530       86.56264939       16.83412256        0.18249841
  8    8        4.58831570       37.00388065       39.17759433        0.00707852
  9    6        4.23008660       87.22343297       43.15656875        0.37585195
 10    2        3.00569040      105.06458971       46.21731831        1.10494276
 11    3        2.98515040       46.25485082       32.75002026        0.91199504
 12    2        2.89589180       33.03917915       20.50702203        1.10750419
 13    3        2.82758590       95.81361955       16.52804761        0.91510903
 14    2        3.00569040       18.50194033       35.81076982        1.10494276
 15    3        2.82758590       18.50194033       14.69159787        0.91510903
 16    3        3.00402900       81.27638072       38.87151937        0.90056183
 17    3        2.82758590       98.45675388       44.99301849        0.91510903
 18    2        2.89589180       55.50582098       10.71262345        1.10750419
 19    7        4.49813300       21.80585824       27.24067106        0.18630240
 20    2        3.00569040       13.87645525        9.79439858        1.10494276
 21    7        4.23778750       61.45287323       40.70796911        0.17865857
 22    2        2.89589180       44.93328365       42.54441884        1.10750419
 23    7        4.92185880      103.74302255       12.24299823        0.19230703
 24    2        3.02835400        7.92940300       34.58646999        1.09970170
 25    3        3.00402900       68.06070906       36.11684477        0.90056183
 26    2        3.00569040       20.48429108       46.52339327        1.10494276
 27    4        3.21905940      103.08223896       21.11917194        0.73305648
 28    2        3.00569040        1.32156717       21.42524690        1.10494276
 29    8        4.40447030       35.02152990       29.07712079        0.01320434
 30    4        3.06230590       15.85880599       42.54441884        0.72929952
 31    2        2.97661120       50.88033590       46.52339327        1.10750419
 32    7        4.78649100       41.62936574       22.34347177        0.18388096
 33    2        2.89589180       61.45287323       26.93459610        1.10750419
 34    8        4.40447030       25.77055974       17.44627247        0.01320434
 35    7        4.24008530       81.27638072       26.93459610        0.18249841
 36    4        3.06230590       56.16660456       33.36217017        0.72929952
 37    1        1.75000000       13.21567166       26.62852115        1.27719807
 38    4        3.21905940       78.63324639       18.97664725        0.73305648
 39    2        3.00569040       27.75291049       42.54441884        1.10494276
 40    5        3.77486430       74.66854489       34.28039504        0.54175170
 41    2        2.97661120       65.41757473       22.34347177        1.10750419
 42    4        3.09045000       53.52347023       17.75234743        0.73606268
 43    2        2.89589180       62.77444039       33.05609522        1.10750419
 44    1        1.75000000       16.51958958       21.42524690        1.27902916
 45    3        2.82758590       23.12742541       10.71262345        0.91510903
 46    4        3.66841450       55.93509926        2.54299059        0.72210192
 47   81        9.02105710       39.13365455        5.44042564      -13.95633842
 48  186       10.76470365       76.09628531        2.27447907      -34.21276644
 49   12        5.01579170        8.09459889       16.65557884       -0.74987054
 50   18        5.86625470       94.54211175       30.51474558       -1.88406645

step =          55     # clusters =  51          # atoms 482 
 Ind    Pt               R               X               Y               E
  0    4        3.66841450       27.75291049       34.89254495        0.72210192
  1    2        2.89589180        7.92940300       40.70796911        1.10750419
  2    1        1.75000000       53.52347023       38.87151937        1.26547802
  3    6        4.12177150       60.79208965       16.52804761        0.38048965
  4    6        4.14230440      105.06458971       29.38319575        0.36589531
  5    6        4.14230440       72.02541056       26.01637123        0.36589531
  6    8        4.58831570       52.20190306       25.40422132        0.00707852
  7    7        4.24008530       86.56264939       16.83412256        0.18249841
  8    8        4.58831570       37.00388065       39.17759433        0.00707852
  9    6        4.23008660       87.22343297       43.15656875        0.37585195
 10    2        3.00569040      105.06458971       46.21731831        1.10494276
 11    3        2.98515040       46.25485082       32.75002026        0.91199504
 12    2        2.89589180       33.03917915       20.50702203        1.10750419
 13    3        2.82758590       95.81361955       16.52804761        0.91510903
 14    2        3.00569040       18.50194033       35.81076982        1.10494276
 15    3        2.82758590       18.50194033       14.69159787        0.91510903
 16    3        3.00402900       81.27638072       38.87151937        0.90056183
 17    3        2.82758590       98.45675388       44.99301849        0.91510903
 18    2        2.89589180       55.50582098       10.71262345        1.10750419
 19    7        4.49813300       21.80585824       27.24067106        0.18630240
 20    2        3.00569040       13.87645525        9.79439858        1.10494276
 21    7        4.23778750       61.45287323       40.70796911        0.17865857
 22    2        2.89589180       44.93328365       42.54441884        1.10750419
 23    7        4.92185880      103.74302255       12.24299823        0.19230703
 24    2        3.02835400        7.92940300       34.58646999        1.09970170
 25    3        3.00402900       68.06070906       36.11684477        0.90056183
 26    2        3.00569040       20.48429108       46.52339327        1.10494276
 27    4        3.21905940      103.08223896       21.11917194        0.73305648
 28    2        3.00569040        1.32156717       21.42524690        1.10494276
 29    8        4.40447030       35.02152990       29.07712079        0.01320434
 30    4        3.06230590       15.85880599       42.54441884        0.72929952
 31    2        2.97661120       50.88033590       46.52339327        1.10750419
 32    7        4.78649100       41.62936574       22.34347177        0.18388096
 33    2        2.89589180       61.45287323       26.93459610        1.10750419
 34    8        4.40447030       25.77055974       17.44627247        0.01320434
 35    7        4.24008530       81.27638072       26.93459610        0.18249841
 36    4        3.06230590       56.16660456       33.36217017        0.72929952
 37    1        1.75000000       13.21567166       26.62852115        1.27719807
 38    4        3.21905940       78.63324639       18.97664725        0.73305648
 39    2        3.00569040       27.75291049       42.54441884        1.10494276
 40    5        3.77486430       74.66854489       34.28039504        0.54175170
 41    2        2.97661120       65.41757473       22.34347177        1.10750419
 42    4        3.09045000       53.52347023       17.75234743        0.73606268
 43    2        2.89589180       62.77444039       33.05609522        1.10750419
 44    1        1.75000000       16.51958958       21.42524690        1.27902916
 45    3        2.82758590       23.12742541       10.71262345        0.91510903
 46    4        3.66841450       55.93509926        2.54299059        0.72210192
 47   81        9.02105710       39.13365455        5.44042564      -13.95633842
 48  186       10.76470365       76.09628531        2.27447907      -34.21276644
 49   12        5.01579170        8.09459889       16.65557884       -0.74987054
 50   18        5.86625470       94.54211175       30.51474558       -1.88406645

step =          56     # clusters =  51          # atoms 482 
 Ind    Pt               R               X               Y               E
  0    4        3.66841450       27.75291049       34.89254495        0.72210192
  1    2        2.89589180        7.92940300       40.70796911        1.10750419
  2    1        1.75000000       53.52347023       38.87151937        1.26547802
  3    6        4.12177150       60.79208965       16.52804761        0.38048965
  4    6        4.14230440      105.06458971       29.38319575        0.36589531
  5    6        4.14230440       72.02541056       26.01637123        0.36589531
  6    8        4.58831570       52.20190306       25.40422132        0.00707852
  7    7        4.24008530       86.56264939       16.83412256        0.18249841
  8    8        4.58831570       37.00388065       39.17759433        0.00707852
  9    6        4.23008660       87.22343297       43.15656875        0.37585195
 10    2        3.00569040      105.06458971       46.21731831        1.10494276
 11    3        2.98515040       46.25485082       32.75002026        0.91199504
 12    2        2.89589180       33.03917915       20.50702203        1.10750419
 13    3        2.82758590       95.81361955       16.52804761        0.91510903
 14    2        3.00569040       18.50194033       35.81076982        1.10494276
 15    3        2.82758590       18.50194033       14.69159787        0.91510903
 16    3        3.00402900       81.27638072       38.87151937        0.90056183
 17    3        2.82758590       98.45675388       44.99301849        0.91510903
 18    2        2.89589180       55.50582098       10.71262345        1.10750419
 19    7        4.49813300       21.80585824       27.24067106        0.18630240
 20    2        3.00569040       13.87645525        9.79439858        1.10494276
 21    7        4.23778750       61.45287323       40.70796911        0.17865857
 22    2        2.89589180       44.93328365       42.54441884        1.10750419
 23    7        4.92185880      103.74302255       12.24299823        0.19230703
 24    2        3.02835400        7.92940300       34.58646999        1.09970170
 25    3        3.00402900       68.06070906       36.11684477        0.90056183
 26    2        3.00569040       20.48429108       46.52339327        1.10494276
 27    4        3.21905940      103.08223896       21.11917194        0.73305648
 28    2        3.00569040        1.32156717       21.42524690        1.10494276
 29    8        4.40447030       35.02152990       29.07712079        0.01320434
 30    4        3.06230590       15.85880599       42.54441884        0.72929952
 31    2        2.97661120       50.88033590       46.52339327        1.10750419
 32    7        4.78649100       41.62936574       22.34347177        0.18388096
 33    2        2.89589180       61.45287323       26.93459610        1.10750419
 34    8        4.40447030       25.77055974       17.44627247        0.01320434
 35    7        4.24008530       81.27638072       26.93459610        0.18249841
 36    4        3.06230590       56.16660456       33.36217017        0.72929952
 37    1        1.75000000       13.21567166       26.62852115        1.27719807
 38    4        3.21905940       78.63324639       18.97664725        0.73305648
 39    2        3.00569040       27.75291049       42.54441884        1.10494276
 40    5        3.77486430       74.66854489       34.28039504        0.54175170
 41    2        2.97661120       65.41757473       22.34347177        1.10750419
 42    4        3.09045000       53.52347023       17.75234743        0.73606268
 43    2        2.89589180       62.77444039       33.05609522        1.10750419
 44    1        1.75000000       16.51958958       21.42524690        1.27902916
 45    3        2.82758590       23.12742541       10.71262345        0.91510903
 46    4        3.66841450       55.93509926        2.54299059        0.72210192
 47   81        9.02105710       39.13365455        5.44042564      -13.95633842
 48  186       10.76470365       76.09628531        2.27447907      -34.21276644
 49   12        5.01579170        8.09459889       16.65557884       -0.74987054
 50   18        5.86625470       94.54211175       30.51474558       -1.88406645

step =          57     # clusters =  51          # atoms 482 
 Ind    Pt               R               X               Y               E
  0    4        3.66841450       27.75291049       34.89254495        0.72210192
  1    2        2.89589180        7.92940300       40.70796911        1.10750419
  2    1        1.75000000       53.52347023       38.87151937        1.26547802
  3    6        4.12177150       60.79208965       16.52804761        0.38048965
  4    6        4.14230440      105.06458971       29.38319575        0.36589531
  5    6        4.14230440       72.02541056       26.01637123        0.36589531
  6    8        4.58831570       52.20190306       25.40422132        0.00707852
  7    7        4.24008530       86.56264939       16.83412256        0.18249841
  8    8        4.58831570       37.00388065       39.17759433        0.00707852
  9    6        4.23008660       87.22343297       43.15656875        0.37585195
 10    2        3.00569040      105.06458971       46.21731831        1.10494276
 11    3        2.98515040       46.25485082       32.75002026        0.91199504
 12    2        2.89589180       33.03917915       20.50702203        1.10750419
 13    3        2.82758590       95.81361955       16.52804761        0.91510903
 14    2        3.00569040       18.50194033       35.81076982        1.10494276
 15    3        2.82758590       18.50194033       14.69159787        0.91510903
 16    3        3.00402900       81.27638072       38.87151937        0.90056183
 17    3        2.82758590       98.45675388       44.99301849        0.91510903
 18    2        2.89589180       55.50582098       10.71262345        1.10750419
 19    7        4.49813300       21.80585824       27.24067106        0.18630240
 20    2        3.00569040       13.87645525        9.79439858        1.10494276
 21    7        4.23778750       61.45287323       40.70796911        0.17865857
 22    2        2.89589180       44.93328365       42.54441884        1.10750419
 23    7        4.92185880      103.74302255       12.24299823        0.19230703
 24    2        3.02835400        7.92940300       34.58646999        1.09970170
 25    3        3.00402900       68.06070906       36.11684477        0.90056183
 26    2        3.00569040       20.48429108       46.52339327        1.10494276
 27    4        3.21905940      103.08223896       21.11917194        0.73305648
 28    2        3.00569040        1.32156717       21.42524690        1.10494276
 29    8        4.40447030       35.02152990       29.07712079        0.01320434
 30    4        3.06230590       15.85880599       42.54441884        0.72929952
 31    2        2.97661120       50.88033590       46.52339327        1.10750419
 32    7        4.78649100       41.62936574       22.34347177        0.18388096
 33    2        2.89589180       61.45287323       26.93459610        1.10750419
 34    8        4.40447030       25.77055974       17.44627247        0.01320434
 35    7        4.24008530       81.27638072       26.93459610        0.18249841
 36    4        3.06230590       56.16660456       33.36217017        0.72929952
 37    4        3.21905940       78.63324639       18.97664725        0.73305648
 38    2        3.00569040       27.75291049       42.54441884        1.10494276
 39    5        3.77486430       74.66854489       34.28039504        0.54175170
 40    2        2.97661120       65.41757473       22.34347177        1.10750419
 41    4        3.09045000       53.52347023       17.75234743        0.73606268
 42    2        2.89589180       62.77444039       33.05609522        1.10750419
 43    1        1.75000000       16.51958958       21.42524690        1.27902916
 44    3        2.82758590       23.12742541       10.71262345        0.91510903
 45    4        3.66841450       55.93509926        2.54299059        0.72210192
 46   81        9.02105710       39.13365455        5.44042564      -13.95633842
 47  186       10.76470365       76.09628531        2.27447907      -34.21276644
 48   12        5.01579170        8.09459889       16.65557884       -0.74987054
 49   18        5.86625470       94.54211175       30.51474558       -1.88406645
 50    1        1.75000000       13.21567166       27.24067106        1.27978542

step =          58     # clusters =  51          # atoms 482 
 Ind    Pt               R               X               Y               E
  0    4        3.66841450       27.75291049       34.89254495        0.72210192
  1    2        2.89589180        7.92940300       40.70796911        1.10750419
  2    1        1.75000000       53.52347023       38.87151937        1.26547802
  3    6        4.12177150       60.79208965       16.52804761        0.38048965
  4    6        4.14230440      105.06458971       29.38319575        0.36589531
  5    6        4.14230440       72.02541056       26.01637123        0.36589531
  6    8        4.58831570       52.20190306       25.40422132        0.00707852
  7    7        4.24008530       86.56264939       16.83412256        0.18249841
  8    8        4.58831570       37.00388065       39.17759433        0.00707852
  9    6        4.23008660       87.22343297       43.15656875        0.37585195
 10    2        3.00569040      105.06458971       46.21731831        1.10494276
 11    3        2.98515040       46.25485082       32.75002026        0.91199504
 12    2        2.89589180       33.03917915       20.50702203        1.10750419
 13    3        2.82758590       95.81361955       16.52804761        0.91510903
 14    2        3.00569040       18.50194033       35.81076982        1.10494276
 15    3        2.82758590       18.50194033       14.69159787        0.91510903
 16    3        3.00402900       81.27638072       38.87151937        0.90056183
 17    3        2.82758590       98.45675388       44.99301849        0.91510903
 18    2        2.89589180       55.50582098       10.71262345        1.10750419
 19    7        4.49813300       21.80585824       27.24067106        0.18630240
 20    2        3.00569040       13.87645525        9.79439858        1.10494276
 21    7        4.23778750       61.45287323       40.70796911        0.17865857
 22    2        2.89589180       44.93328365       42.54441884        1.10750419
 23    7        4.92185880      103.74302255       12.24299823        0.19230703
 24    2        3.02835400        7.92940300       34.58646999        1.09970170
 25    3        3.00402900       68.06070906       36.11684477        0.90056183
 26    2        3.00569040       20.48429108       46.52339327        1.10494276
 27    4        3.21905940      103.08223896       21.11917194        0.73305648
 28    2        3.00569040        1.32156717       21.42524690        1.10494276
 29    8        4.40447030       35.02152990       29.07712079        0.01320434
 30    4        3.06230590       15.85880599       42.54441884        0.72929952
 31    2        2.97661120       50.88033590       46.52339327        1.10750419
 32    7        4.78649100       41.62936574       22.34347177        0.18388096
 33    2        2.89589180       61.45287323       26.93459610        1.10750419
 34    8        4.40447030       25.77055974       17.44627247        0.01320434
 35    7        4.24008530       81.27638072       26.93459610        0.18249841
 36    4        3.06230590       56.16660456       33.36217017        0.72929952
 37    4        3.21905940       78.63324639       18.97664725        0.73305648
 38    2        3.00569040       27.75291049       42.54441884        1.10494276
 39    5        3.77486430       74.66854489       34.28039504        0.54175170
 40    2        2.97661120       65.41757473       22.34347177        1.10750419
 41    4        3.09045000       53.52347023       17.75234743        0.73606268
 42    2        2.89589180       62.77444039       33.05609522        1.10750419
 43    1        1.75000000       16.51958958       21.42524690        1.27902916
 44    3        2.82758590       23.12742541       10.71262345        0.91510903
 45    4        3.66841450       55.93509926        2.54299059        0.72210192
 46   81        9.02105710       39.13365455        5.44042564      -13.95633842
 47  186       10.76470365       76.09628531        2.27447907      -34.21276644
 48   12        5.01579170        8.09459889       16.65557884       -0.74987054
 49   18        5.86625470       94.54211175       30.51474558       -1.88406645
 50    1        1.75000000       13.21567166       27.24067106        1.27978542

step =          59     # clusters =  51          # atoms 482 
 Ind    Pt               R               X               Y               E
  0    4        3.66841450       27.75291049       34.89254495        0.72210192
  1    2        2.89589180        7.92940300       40.70796911        1.10750419
  2    1        1.75000000       53.52347023       38.87151937        1.26547802
  3    6        4.12177150       60.79208965       16.52804761        0.38048965
  4    6        4.14230440      105.06458971       29.38319575        0.36589531
  5    6        4.14230440       72.02541056       26.01637123        0.36589531
  6    8        4.58831570       52.20190306       25.40422132        0.00707852
  7    7        4.24008530       86.56264939       16.83412256        0.18249841
  8    8        4.58831570       37.00388065       39.17759433        0.00707852
  9    6        4.23008660       87.22343297       43.15656875        0.37585195
 10    2        3.00569040      105.06458971       46.21731831        1.10494276
 11    3        2.98515040       46.25485082       32.75002026        0.91199504
 12    2        2.89589180       33.03917915       20.50702203        1.10750419
 13    3        2.82758590       95.81361955       16.52804761        0.91510903
 14    2        3.00569040       18.50194033       35.81076982        1.10494276
 15    3        2.82758590       18.50194033       14.69159787        0.91510903
 16    3        3.00402900       81.27638072       38.87151937        0.90056183
 17    3        2.82758590       98.45675388       44.99301849        0.91510903
 18    2        2.89589180       55.50582098       10.71262345        1.10750419
 19    7        4.49813300       21.80585824       27.24067106        0.18630240
 20    2        3.00569040       13.87645525        9.79439858        1.10494276
 21    7        4.23778750       61.45287323       40.70796911        0.17865857
 22    2        2.89589180       44.93328365       42.54441884        1.10750419
 23    7        4.92185880      103.74302255       12.24299823        0.19230703
 24    2        3.02835400        7.92940300       34.58646999        1.09970170
 25    3        3.00402900       68.06070906       36.11684477        0.90056183
 26    2        3.00569040       20.48429108       46.52339327        1.10494276
 27    4        3.21905940      103.08223896       21.11917194        0.73305648
 28    2        3.00569040        1.32156717       21.42524690        1.10494276
 29    8        4.40447030       35.02152990       29.07712079        0.01320434
 30    4        3.06230590       15.85880599       42.54441884        0.72929952
 31    2        2.97661120       50.88033590       46.52339327        1.10750419
 32    7        4.78649100       41.62936574       22.34347177        0.18388096
 33    2        2.89589180       61.45287323       26.93459610        1.10750419
 34    8        4.40447030       25.77055974       17.44627247        0.01320434
 35    7        4.24008530       81.27638072       26.93459610        0.18249841
 36    4        3.06230590       56.16660456       33.36217017        0.72929952
 37    4        3.21905940       78.63324639       18.97664725        0.73305648
 38    2        3.00569040       27.75291049       42.54441884        1.10494276
 39    5        3.77486430       74.66854489       34.28039504        0.54175170
 40    2        2.97661120       65.41757473       22.34347177        1.10750419
 41    4        3.09045000       53.52347023       17.75234743        0.73606268
 42    2        2.89589180       62.77444039       33.05609522        1.10750419
 43    1        1.75000000       16.51958958       21.42524690        1.27902916
 44    3        2.82758590       23.12742541       10.71262345        0.91510903
 45    4        3.66841450       55.93509926        2.54299059        0.72210192
 46   81        9.02105710       39.13365455        5.44042564      -13.95633842
 47  186       10.76470365       76.09628531        2.27447907      -34.21276644
 48   12        5.01579170        8.09459889       16.65557884       -0.74987054
 49   18        5.86625470       94.54211175       30.51474558       -1.88406645
 50    1        1.75000000       13.21567166       27.24067106        1.27978542

step =          60     # clusters =  51          # atoms 482 
 Ind    Pt               R               X               Y               E
  0    4        3.66841450       27.75291049       34.89254495        0.72210192
  1    2        2.89589180        7.92940300       40.70796911        1.10750419
  2    1        1.75000000       53.52347023       38.87151937        1.26547802
  3    6        4.12177150       60.79208965       16.52804761        0.38048965
  4    6        4.14230440      105.06458971       29.38319575        0.36589531
  5    6        4.14230440       72.02541056       26.01637123        0.36589531
  6    8        4.58831570       52.20190306       25.40422132        0.00707852
  7    7        4.24008530       86.56264939       16.83412256        0.18249841
  8    8        4.58831570       37.00388065       39.17759433        0.00707852
  9    6        4.23008660       87.22343297       43.15656875        0.37585195
 10    2        3.00569040      105.06458971       46.21731831        1.10494276
 11    3        2.98515040       46.25485082       32.75002026        0.91199504
 12    2        2.89589180       33.03917915       20.50702203        1.10750419
 13    3        2.82758590       95.81361955       16.52804761        0.91510903
 14    2        3.00569040       18.50194033       35.81076982        1.10494276
 15    3        2.82758590       18.50194033       14.69159787        0.91510903
 16    3        3.00402900       81.27638072       38.87151937        0.90056183
 17    3        2.82758590       98.45675388       44.99301849        0.91510903
 18    2        2.89589180       55.50582098       10.71262345        1.10750419
 19    7        4.49813300       21.80585824       27.24067106        0.18630240
 20    2        3.00569040       13.87645525        9.79439858        1.10494276
 21    7        4.23778750       61.45287323       40.70796911        0.17865857
 22    2        2.89589180       44.93328365       42.54441884        1.10750419
 23    7        4.92185880      103.74302255       12.24299823        0.19230703
 24    2        3.02835400        7.92940300       34.58646999        1.09970170
 25    3        3.00402900       68.06070906       36.11684477        0.90056183
 26    2        3.00569040       20.48429108       46.52339327        1.10494276
 27    4        3.21905940      103.08223896       21.11917194        0.73305648
 28    2        3.00569040        1.32156717       21.42524690        1.10494276
 29    8        4.40447030       35.02152990       29.07712079        0.01320434
 30    4        3.06230590       15.85880599       42.54441884        0.72929952
 31    2        2.97661120       50.88033590       46.52339327        1.10750419
 32    7        4.78649100       41.62936574       22.34347177        0.18388096
 33    2        2.89589180       61.45287323       26.93459610        1.10750419
 34    8        4.40447030       25.77055974       17.44627247        0.01320434
 35    7        4.24008530       81.27638072       26.93459610        0.18249841
 36    4        3.06230590       56.16660456       33.36217017        0.72929952
 37    4        3.21905940       78.63324639       18.97664725        0.73305648
 38    2        3.00569040       27.75291049       42.54441884        1.10494276
 39    5        3.77486430       74.66854489       34.28039504        0.54175170
 40    2        2.97661120       65.41757473       22.34347177        1.10750419
 41    4        3.09045000       53.52347023       17.75234743        0.73606268
 42    2        2.89589180       62.77444039       33.05609522        1.10750419
 43    1        1.75000000       16.51958958       21.42524690        1.27902916
 44    3        2.82758590       23.12742541       10.71262345        0.91510903
 45    4        3.66841450       55.93509926        2.54299059        0.72210192
 46   81        9.02105710       39.13365455        5.44042564      -13.95633842
 47  186       10.76470365       76.09628531        2.27447907      -34.21276644
 48   12        5.01579170        8.09459889       16.65557884       -0.74987054
 49   18        5.86625470       94.54211175       30.51474558       -1.88406645
 50    1        1.75000000       13.21567166       27.24067106        1.27978542

step =          61     # clusters =  51          # atoms 482 
 Ind    Pt               R               X               Y               E
  0    4        3.66841450       27.75291049       34.89254495        0.72210192
  1    2        2.89589180        7.92940300       40.70796911        1.10750419
  2    1        1.75000000       53.52347023       38.87151937        1.26547802
  3    6        4.12177150       60.79208965       16.52804761        0.38048965
  4    6        4.14230440      105.06458971       29.38319575        0.36589531
  5    6        4.14230440       72.02541056       26.01637123        0.36589531
  6    8        4.58831570       52.20190306       25.40422132        0.00707852
  7    7        4.24008530       86.56264939       16.83412256        0.18249841
  8    8        4.58831570       37.00388065       39.17759433        0.00707852
  9    6        4.23008660       87.22343297       43.15656875        0.37585195
 10    2        3.00569040      105.06458971       46.21731831        1.10494276
 11    3        2.98515040       46.25485082       32.75002026        0.91199504
 12    2        2.89589180       33.03917915       20.50702203        1.10750419
 13    3        2.82758590       95.81361955       16.52804761        0.91510903
 14    2        3.00569040       18.50194033       35.81076982        1.10494276
 15    3        2.82758590       18.50194033       14.69159787        0.91510903
 16    3        3.00402900       81.27638072       38.87151937        0.90056183
 17    3        2.82758590       98.45675388       44.99301849        0.91510903
 18    2        2.89589180       55.50582098       10.71262345        1.10750419
 19    7        4.49813300       21.80585824       27.24067106        0.18630240
 20    2        3.00569040       13.87645525        9.79439858        1.10494276
 21    7        4.23778750       61.45287323       40.70796911        0.17865857
 22    2        2.89589180       44.93328365       42.54441884        1.10750419
 23    7        4.92185880      103.74302255       12.24299823        0.19230703
 24    2        3.02835400        7.92940300       34.58646999        1.09970170
 25    3        3.00402900       68.06070906       36.11684477        0.90056183
 26    2        3.00569040       20.48429108       46.52339327        1.10494276
 27    4        3.21905940      103.08223896       21.11917194        0.73305648
 28    2        3.00569040        1.32156717       21.42524690        1.10494276
 29    8        4.40447030       35.02152990       29.07712079        0.01320434
 30    4        3.06230590       15.85880599       42.54441884        0.72929952
 31    2        2.97661120       50.88033590       46.52339327        1.10750419
 32    7        4.78649100       41.62936574       22.34347177        0.18388096
 33    2        2.89589180       61.45287323       26.93459610        1.10750419
 34    8        4.40447030       25.77055974       17.44627247        0.01320434
 35    7        4.24008530       81.27638072       26.93459610        0.18249841
 36    4        3.06230590       56.16660456       33.36217017        0.72929952
 37    4        3.21905940       78.63324639       18.97664725        0.73305648
 38    2        3.00569040       27.75291049       42.54441884        1.10494276
 39    5        3.77486430       74.66854489       34.28039504        0.54175170
 40    2        2.97661120       65.41757473       22.34347177        1.10750419
 41    4        3.09045000       53.52347023       17.75234743        0.73606268
 42    2        2.89589180       62.77444039       33.05609522        1.10750419
 43    1        1.75000000       16.51958958       21.42524690        1.27902916
 44    3        2.82758590       23.12742541       10.71262345        0.91510903
 45    4        3.66841450       55.93509926        2.54299059        0.72210192
 46   81        9.02105710       39.13365455        5.44042564      -13.95633842
 47  186       10.76470365       76.09628531        2.27447907      -34.21276644
 48   12        5.01579170        8.09459889       16.65557884       -0.74987054
 49   18        5.86625470       94.54211175       30.51474558       -1.88406645
 50    1        1.75000000       13.21567166       27.24067106        1.27978542

step =          62     # clusters =  51          # atoms 482 
 Ind    Pt               R               X               Y               E
  0    4        3.66841450       27.75291049       34.89254495        0.72210192
  1    2        2.89589180        7.92940300       40.70796911        1.10750419
  2    1        1.75000000       53.52347023       38.87151937        1.26547802
  3    6        4.12177150       60.79208965       16.52804761        0.38048965
  4    6        4.14230440      105.06458971       29.38319575        0.36589531
  5    6        4.14230440       72.02541056       26.01637123        0.36589531
  6    8        4.58831570       52.20190306       25.40422132        0.00707852
  7    7        4.24008530       86.56264939       16.83412256        0.18249841
  8    8        4.58831570       37.00388065       39.17759433        0.00707852
  9    6        4.23008660       87.22343297       43.15656875        0.37585195
 10    2        3.00569040      105.06458971       46.21731831        1.10494276
 11    3        2.98515040       46.25485082       32.75002026        0.91199504
 12    2        2.89589180       33.03917915       20.50702203        1.10750419
 13    3        2.82758590       95.81361955       16.52804761        0.91510903
 14    2        3.00569040       18.50194033       35.81076982        1.10494276
 15    3        2.82758590       18.50194033       14.69159787        0.91510903
 16    3        3.00402900       81.27638072       38.87151937        0.90056183
 17    3        2.82758590       98.45675388       44.99301849        0.91510903
 18    2        2.89589180       55.50582098       10.71262345        1.10750419
 19    7        4.49813300       21.80585824       27.24067106        0.18630240
 20    2        3.00569040       13.87645525        9.79439858        1.10494276
 21    7        4.23778750       61.45287323       40.70796911        0.17865857
 22    2        2.89589180       44.93328365       42.54441884        1.10750419
 23    7        4.92185880      103.74302255       12.24299823        0.19230703
 24    2        3.02835400        7.92940300       34.58646999        1.09970170
 25    3        3.00402900       68.06070906       36.11684477        0.90056183
 26    2        3.00569040       20.48429108       46.52339327        1.10494276
 27    4        3.21905940      103.08223896       21.11917194        0.73305648
 28    2        3.00569040        1.32156717       21.42524690        1.10494276
 29    8        4.40447030       35.02152990       29.07712079        0.01320434
 30    4        3.06230590       15.85880599       42.54441884        0.72929952
 31    2        2.97661120       50.88033590       46.52339327        1.10750419
 32    7        4.78649100       41.62936574       22.34347177        0.18388096
 33    2        2.89589180       61.45287323       26.93459610        1.10750419
 34    8        4.40447030       25.77055974       17.44627247        0.01320434
 35    7        4.24008530       81.27638072       26.93459610        0.18249841
 36    4        3.06230590       56.16660456       33.36217017        0.72929952
 37    4        3.21905940       78.63324639       18.97664725        0.73305648
 38    2        3.00569040       27.75291049       42.54441884        1.10494276
 39    5        3.77486430       74.66854489       34.28039504        0.54175170
 40    2        2.97661120       65.41757473       22.34347177        1.10750419
 41    4        3.09045000       53.52347023       17.75234743        0.73606268
 42    2        2.89589180       62.77444039       33.05609522        1.10750419
 43    1        1.75000000       16.51958958       21.42524690        1.27902916
 44    3        2.82758590       23.12742541       10.71262345        0.91510903
 45    4        3.66841450       55.93509926        2.54299059        0.72210192
 46   81        9.02105710       39.13365455        5.44042564      -13.95633842
 47  186       10.76470365       76.09628531        2.27447907      -34.21276644
 48   12        5.01579170        8.09459889       16.65557884       -0.74987054
 49   18        5.86625470       94.54211175       30.51474558       -1.88406645
 50    1        1.75000000       13.21567166       27.24067106        1.27978542

step =          63     # clusters =  51          # atoms 482 
 Ind    Pt               R               X               Y               E
  0    3        3.00402900       27.75291049       34.89254495        0.90056183
  1    2        2.89589180        7.92940300       40.70796911        1.10750419
  2    1        1.75000000       53.52347023       38.87151937        1.26547802
  3    6        4.12177150       60.79208965       16.52804761        0.38048965
  4    6        4.14230440      105.06458971       29.38319575        0.36589531
  5    6        4.14230440       72.02541056       26.01637123        0.36589531
  6    8        4.58831570       52.20190306       25.40422132        0.00707852
  7    7        4.24008530       86.56264939       16.83412256        0.18249841
  8    8        4.58831570       37.00388065       39.17759433        0.00707852
  9    6        4.23008660       87.22343297       43.15656875        0.37585195
 10    2        3.00569040      105.06458971       46.21731831        1.10494276
 11    3        2.98515040       46.25485082       32.75002026        0.91199504
 12    2        2.89589180       33.03917915       20.50702203        1.10750419
 13    3        2.82758590       95.81361955       16.52804761        0.91510903
 14    2        3.00569040       18.50194033       35.81076982        1.10494276
 15    3        2.82758590       18.50194033       14.69159787        0.91510903
 16    3        3.00402900       81.27638072       38.87151937        0.90056183
 17    3        2.82758590       98.45675388       44.99301849        0.91510903
 18    2        2.89589180       55.50582098       10.71262345        1.10750419
 19    7        4.49813300       21.80585824       27.24067106        0.18630240
 20    2        3.00569040       13.87645525        9.79439858        1.10494276
 21    7        4.23778750       61.45287323       40.70796911        0.17865857
 22    2        2.89589180       44.93328365       42.54441884        1.10750419
 23    7        4.92185880      103.74302255       12.24299823        0.19230703
 24    2        3.02835400        7.92940300       34.58646999        1.09970170
 25    3        3.00402900       68.06070906       36.11684477        0.90056183
 26    2        3.00569040       20.48429108       46.52339327        1.10494276
 27    4        3.21905940      103.08223896       21.11917194        0.73305648
 28    2        3.00569040        1.32156717       21.42524690        1.10494276
 29    9        4.41237850       35.02152990       29.07712079       -0.18676384
 30    4        3.06230590       15.85880599       42.54441884        0.72929952
 31    2        2.97661120       50.88033590       46.52339327        1.10750419
 32    7        4.78649100       41.62936574       22.34347177        0.18388096
 33    2        2.89589180       61.45287323       26.93459610        1.10750419
 34    8        4.40447030       25.77055974       17.44627247        0.01320434
 35    7        4.24008530       81.27638072       26.93459610        0.18249841
 36    4        3.06230590       56.16660456       33.36217017        0.72929952
 37    4        3.21905940       78.63324639       18.97664725        0.73305648
 38    2        3.00569040       27.75291049       42.54441884        1.10494276
 39    5        3.77486430       74.66854489       34.28039504        0.54175170
 40    2        2.97661120       65.41757473       22.34347177        1.10750419
 41    4        3.09045000       53.52347023       17.75234743        0.73606268
 42    2        2.89589180       62.77444039       33.05609522        1.10750419
 43    1        1.75000000       16.51958958       21.42524690        1.27902916
 44    3        2.82758590       23.12742541       10.71262345        0.91510903
 45    4        3.66841450       55.93509926        2.54299059        0.72210192
 46   81        9.02105710       39.13365455        5.44042564      -13.95633842
 47  186       10.76470365       76.09628531        2.27447907      -34.21276644
 48   12        5.01579170        8.09459889       16.65557884       -0.74987054
 49   18        5.86625470       94.54211175       30.51474558       -1.88406645
 50    1        1.75000000       13.21567166       27.24067106        1.27978542

step =          64     # clusters =  51          # atoms 482 
 Ind    Pt               R               X               Y               E
  0    3        3.00402900       27.75291049       34.89254495        0.90056183
  1    2        2.89589180        7.92940300       40.70796911        1.10750419
  2    1        1.75000000       53.52347023       38.87151937        1.26547802
  3    6        4.12177150       60.79208965       16.52804761        0.38048965
  4    6        4.14230440      105.06458971       29.38319575        0.36589531
  5    6        4.14230440       72.02541056       26.01637123        0.36589531
  6    8        4.58831570       52.20190306       25.40422132        0.00707852
  7    7        4.24008530       86.56264939       16.83412256        0.18249841
  8    8        4.58831570       37.00388065       39.17759433        0.00707852
  9    6        4.23008660       87.22343297       43.15656875        0.37585195
 10    2        3.00569040      105.06458971       46.21731831        1.10494276
 11    3        2.98515040       46.25485082       32.75002026        0.91199504
 12    2        2.89589180       33.03917915       20.50702203        1.10750419
 13    3        2.82758590       95.81361955       16.52804761        0.91510903
 14    2        3.00569040       18.50194033       35.81076982        1.10494276
 15    3        2.82758590       18.50194033       14.69159787        0.91510903
 16    3        3.00402900       81.27638072       38.87151937        0.90056183
 17    3        2.82758590       98.45675388       44.99301849        0.91510903
 18    2        2.89589180       55.50582098       10.71262345        1.10750419
 19    7        4.49813300       21.80585824       27.24067106        0.18630240
 20    2        3.00569040       13.87645525        9.79439858        1.10494276
 21    7        4.23778750       61.45287323       40.70796911        0.17865857
 22    2        2.89589180       44.93328365       42.54441884        1.10750419
 23    7        4.92185880      103.74302255       12.24299823        0.19230703
 24    2        3.02835400        7.92940300       34.58646999        1.09970170
 25    3        3.00402900       68.06070906       36.11684477        0.90056183
 26    2        3.00569040       20.48429108       46.52339327        1.10494276
 27    4        3.21905940      103.08223896       21.11917194        0.73305648
 28    2        3.00569040        1.32156717       21.42524690        1.10494276
 29    9        4.41237850       35.02152990       29.07712079       -0.18676384
 30    4        3.06230590       15.85880599       42.54441884        0.72929952
 31    2        2.97661120       50.88033590       46.52339327        1.10750419
 32    7        4.78649100       41.62936574       22.34347177        0.18388096
 33    2        2.89589180       61.45287323       26.93459610        1.10750419
 34    8        4.40447030       25.77055974       17.44627247        0.01320434
 35    7        4.24008530       81.27638072       26.93459610        0.18249841
 36    4        3.06230590       56.16660456       33.36217017        0.72929952
 37    4        3.21905940       78.63324639       18.97664725        0.73305648
 38    2        3.00569040       27.75291049       42.54441884        1.10494276
 39    5        3.77486430       74.66854489       34.28039504        0.54175170
 40    2        2.97661120       65.41757473       22.34347177        1.10750419
 41    4        3.09045000       53.52347023       17.75234743        0.73606268
 42    2        2.89589180       62.77444039       33.05609522        1.10750419
 43    1        1.75000000       16.51958958       21.42524690        1.27902916
 44    3        2.82758590       23.12742541       10.71262345        0.91510903
 45    4        3.66841450       55.93509926        2.54299059        0.72210192
 46   81        9.02105710       39.13365455        5.44042564      -13.95633842
 47  186       10.76470365       76.09628531        2.27447907      -34.21276644
 48   12        5.01579170        8.09459889       16.65557884       -0.74987054
 49   18        5.86625470       94.54211175       30.51474558       -1.88406645
 50    1        1.75000000       13.21567166       27.24067106        1.27978542

step =          65     # clusters =  51          # atoms 482 
 Ind    Pt               R               X               Y               E
  0    3        3.00402900       27.75291049       34.89254495        0.90056183
  1    2        2.89589180        7.92940300       40.70796911        1.10750419
  2    1        1.75000000       53.52347023       38.87151937        1.26547802
  3    6        4.12177150       60.79208965       16.52804761        0.38048965
  4    6        4.14230440      105.06458971       29.38319575        0.36589531
  5    6        4.14230440       72.02541056       26.01637123        0.36589531
  6    8        4.58831570       52.20190306       25.40422132        0.00707852
  7    7        4.24008530       86.56264939       16.83412256        0.18249841
  8    8        4.58831570       37.00388065       39.17759433        0.00707852
  9    6        4.23008660       87.22343297       43.15656875        0.37585195
 10    2        3.00569040      105.06458971       46.21731831        1.10494276
 11    3        2.98515040       46.25485082       32.75002026        0.91199504
 12    2        2.89589180       33.03917915       20.50702203        1.10750419
 13    3        2.82758590       95.81361955       16.52804761        0.91510903
 14    2        3.00569040       18.50194033       35.81076982        1.10494276
 15    3        2.82758590       18.50194033       14.69159787        0.91510903
 16    3        3.00402900       81.27638072       38.87151937        0.90056183
 17    3        2.82758590       98.45675388       44.99301849        0.91510903
 18    2        2.89589180       55.50582098       10.71262345        1.10750419
 19    7        4.49813300       21.80585824       27.24067106        0.18630240
 20    2        3.00569040       13.87645525        9.79439858        1.10494276
 21    7        4.23778750       61.45287323       40.70796911        0.17865857
 22    2        2.89589180       44.93328365       42.54441884        1.10750419
 23    7        4.92185880      103.74302255       12.24299823        0.19230703
 24    2        3.02835400        7.92940300       34.58646999        1.09970170
 25    3        3.00402900       68.06070906       36.11684477        0.90056183
 26    2        3.00569040       20.48429108       46.52339327        1.10494276
 27    4        3.21905940      103.08223896       21.11917194        0.73305648
 28    2        3.00569040        1.32156717       21.42524690        1.10494276
 29    9        4.41237850       35.02152990       29.07712079       -0.18676384
 30    4        3.06230590       15.85880599       42.54441884        0.72929952
 31    2        2.97661120       50.88033590       46.52339327        1.10750419
 32    7        4.78649100       41.62936574       22.34347177        0.18388096
 33    2        2.89589180       61.45287323       26.93459610        1.10750419
 34    8        4.40447030       25.77055974       17.44627247        0.01320434
 35    7        4.24008530       81.27638072       26.93459610        0.18249841
 36    4        3.06230590       56.16660456       33.36217017        0.72929952
 37    4        3.21905940       78.63324639       18.97664725        0.73305648
 38    2        3.00569040       27.75291049       42.54441884        1.10494276
 39    5        3.77486430       74.66854489       34.28039504        0.54175170
 40    2        2.97661120       65.41757473       22.34347177        1.10750419
 41    4        3.09045000       53.52347023       17.75234743        0.73606268
 42    2        2.89589180       62.77444039       33.05609522        1.10750419
 43    1        1.75000000       16.51958958       21.42524690        1.27902916
 44    3        2.82758590       23.12742541       10.71262345        0.91510903
 45    4        3.66841450       55.93509926        2.54299059        0.72210192
 46   81        9.02105710       39.13365455        5.44042564      -13.95633842
 47  186       10.76470365       76.09628531        2.27447907      -34.21276644
 48   12        5.01579170        8.09459889       16.65557884       -0.74987054
 49   18        5.86625470       94.54211175       30.51474558       -1.88406645
 50    1        1.75000000       13.21567166       27.24067106        1.27978542

step =          66     # clusters =  51          # atoms 482 
 Ind    Pt               R               X               Y               E
  0    3        3.00402900       27.75291049       34.89254495        0.90056183
  1    2        2.89589180        7.92940300       40.70796911        1.10750419
  2    1        1.75000000       53.52347023       38.87151937        1.26547802
  3    6        4.12177150       60.79208965       16.52804761        0.38048965
  4    6        4.14230440      105.06458971       29.38319575        0.36589531
  5    6        4.14230440       72.02541056       26.01637123        0.36589531
  6    8        4.58831570       52.20190306       25.40422132        0.00707852
  7    7        4.24008530       86.56264939       16.83412256        0.18249841
  8    8        4.58831570       37.00388065       39.17759433        0.00707852
  9    6        4.23008660       87.22343297       43.15656875        0.37585195
 10    2        3.00569040      105.06458971       46.21731831        1.10494276
 11    3        2.98515040       46.25485082       32.75002026        0.91199504
 12    2        2.89589180       33.03917915       20.50702203        1.10750419
 13    3        2.82758590       95.81361955       16.52804761        0.91510903
 14    2        3.00569040       18.50194033       35.81076982        1.10494276
 15    3        2.82758590       18.50194033       14.69159787        0.91510903
 16    3        3.00402900       81.27638072       38.87151937        0.90056183
 17    3        2.82758590       98.45675388       44.99301849        0.91510903
 18    2        2.89589180       55.50582098       10.71262345        1.10750419
 19    7        4.49813300       21.80585824       27.24067106        0.18630240
 20    2        3.00569040       13.87645525        9.79439858        1.10494276
 21    7        4.23778750       61.45287323       40.70796911        0.17865857
 22    2        2.89589180       44.93328365       42.54441884        1.10750419
 23    7        4.92185880      103.74302255       12.24299823        0.19230703
 24    2        3.02835400        7.92940300       34.58646999        1.09970170
 25    3        3.00402900       68.06070906       36.11684477        0.90056183
 26    2        3.00569040       20.48429108       46.52339327        1.10494276
 27    4        3.21905940      103.08223896       21.11917194        0.73305648
 28    2        3.00569040        1.32156717       21.42524690        1.10494276
 29    9        4.41237850       35.02152990       29.07712079       -0.18676384
 30    4        3.06230590       15.85880599       42.54441884        0.72929952
 31    2        2.97661120       50.88033590       46.52339327        1.10750419
 32    7        4.78649100       41.62936574       22.34347177        0.18388096
 33    2        2.89589180       61.45287323       26.93459610        1.10750419
 34    8        4.40447030       25.77055974       17.44627247        0.01320434
 35    7        4.24008530       81.27638072       26.93459610        0.18249841
 36    4        3.06230590       56.16660456       33.36217017        0.72929952
 37    4        3.21905940       78.63324639       18.97664725        0.73305648
 38    2        3.00569040       27.75291049       42.54441884        1.10494276
 39    5        3.77486430       74.66854489       34.28039504        0.54175170
 40    2        2.97661120       65.41757473       22.34347177        1.10750419
 41    4        3.09045000       53.52347023       17.75234743        0.73606268
 42    2        2.89589180       62.77444039       33.05609522        1.10750419
 43    1        1.75000000       16.51958958       21.42524690        1.27902916
 44    3        2.82758590       23.12742541       10.71262345        0.91510903
 45    4        3.66841450       55.93509926        2.54299059        0.72210192
 46   81        9.02105710       39.13365455        5.44042564      -13.95633842
 47  186       10.76470365       76.09628531        2.27447907      -34.21276644
 48   12        5.01579170        8.09459889       16.65557884       -0.74987054
 49   18        5.86625470       94.54211175       30.51474558       -1.88406645
 50    1        1.75000000       13.21567166       27.24067106        1.27978542

step =          67     # clusters =  51          # atoms 482 
 Ind    Pt               R               X               Y               E
  0    3        3.00402900       27.75291049       34.89254495        0.90056183
  1    2        2.89589180        7.92940300       40.70796911        1.10750419
  2    1        1.75000000       53.52347023       38.87151937        1.26547802
  3    6        4.12177150       60.79208965       16.52804761        0.38048965
  4    6        4.14230440      105.06458971       29.38319575        0.36589531
  5    6        4.14230440       72.02541056       26.01637123        0.36589531
  6    8        4.58831570       52.20190306       25.40422132        0.00707852
  7    7        4.24008530       86.56264939       16.83412256        0.18249841
  8    8        4.58831570       37.00388065       39.17759433        0.00707852
  9    6        4.23008660       87.22343297       43.15656875        0.37585195
 10    2        3.00569040      105.06458971       46.21731831        1.10494276
 11    3        2.98515040       46.25485082       32.75002026        0.91199504
 12    2        2.89589180       33.03917915       20.50702203        1.10750419
 13    3        2.82758590       95.81361955       16.52804761        0.91510903
 14    2        3.00569040       18.50194033       35.81076982        1.10494276
 15    3        2.82758590       18.50194033       14.69159787        0.91510903
 16    3        3.00402900       81.27638072       38.87151937        0.90056183
 17    3        2.82758590       98.45675388       44.99301849        0.91510903
 18    2        2.89589180       55.50582098       10.71262345        1.10750419
 19    7        4.49813300       21.80585824       27.24067106        0.18630240
 20    2        3.00569040       13.87645525        9.79439858        1.10494276
 21    7        4.23778750       61.45287323       40.70796911        0.17865857
 22    2        2.89589180       44.93328365       42.54441884        1.10750419
 23    7        4.92185880      103.74302255       12.24299823        0.19230703
 24    2        3.02835400        7.92940300       34.58646999        1.09970170
 25    3        3.00402900       68.06070906       36.11684477        0.90056183
 26    2        3.00569040       20.48429108       46.52339327        1.10494276
 27    4        3.21905940      103.08223896       21.11917194        0.73305648
 28    2        3.00569040        1.32156717       21.42524690        1.10494276
 29    9        4.41237850       35.02152990       29.07712079       -0.18676384
 30    4        3.06230590       15.85880599       42.54441884        0.72929952
 31    2        2.97661120       50.88033590       46.52339327        1.10750419
 32    7        4.78649100       41.62936574       22.34347177        0.18388096
 33    2        2.89589180       61.45287323       26.93459610        1.10750419
 34    8        4.40447030       25.77055974       17.44627247        0.01320434
 35    7        4.24008530       81.27638072       26.93459610        0.18249841
 36    4        3.06230590       56.16660456       33.36217017        0.72929952
 37    4        3.21905940       78.63324639       18.97664725        0.73305648
 38    2        3.00569040       27.75291049       42.54441884        1.10494276
 39    5        3.77486430       74.66854489       34.28039504        0.54175170
 40    2        2.97661120       65.41757473       22.34347177        1.10750419
 41    4        3.09045000       53.52347023       17.75234743        0.73606268
 42    2        2.89589180       62.77444039       33.05609522        1.10750419
 43    1        1.75000000       16.51958958       21.42524690        1.27902916
 44    3        2.82758590       23.12742541       10.71262345        0.91510903
 45    4        3.66841450       55.93509926        2.54299059        0.72210192
 46   81        9.02105710       39.13365455        5.44042564      -13.95633842
 47  186       10.76470365       76.09628531        2.27447907      -34.21276644
 48   12        5.01579170        8.09459889       16.65557884       -0.74987054
 49   18        5.86625470       94.54211175       30.51474558       -1.88406645
 50    1        1.75000000       13.21567166       27.24067106        1.27978542

step =          68     # clusters =  51          # atoms 482 
 Ind    Pt               R               X               Y               E
  0    3        3.00402900       27.75291049       34.89254495        0.90056183
  1    2        2.89589180        7.92940300       40.70796911        1.10750419
  2    1        1.75000000       53.52347023       38.87151937        1.26547802
  3    6        4.12177150       60.79208965       16.52804761        0.38048965
  4    6        4.14230440      105.06458971       29.38319575        0.36589531
  5    6        4.14230440       72.02541056       26.01637123        0.36589531
  6    8        4.58831570       52.20190306       25.40422132        0.00707852
  7    7        4.24008530       86.56264939       16.83412256        0.18249841
  8    8        4.58831570       37.00388065       39.17759433        0.00707852
  9    6        4.23008660       87.22343297       43.15656875        0.37585195
 10    2        3.00569040      105.06458971       46.21731831        1.10494276
 11    3        2.98515040       46.25485082       32.75002026        0.91199504
 12    2        2.89589180       33.03917915       20.50702203        1.10750419
 13    3        2.82758590       95.81361955       16.52804761        0.91510903
 14    2        3.00569040       18.50194033       35.81076982        1.10494276
 15    3        2.82758590       18.50194033       14.69159787        0.91510903
 16    3        3.00402900       81.27638072       38.87151937        0.90056183
 17    3        2.82758590       98.45675388       44.99301849        0.91510903
 18    2        2.89589180       55.50582098       10.71262345        1.10750419
 19    7        4.49813300       21.80585824       27.24067106        0.18630240
 20    2        3.00569040       13.87645525        9.79439858        1.10494276
 21    7        4.23778750       61.45287323       40.70796911        0.17865857
 22    2        2.89589180       44.93328365       42.54441884        1.10750419
 23    7        4.92185880      103.74302255       12.24299823        0.19230703
 24    2        3.02835400        7.92940300       34.58646999        1.09970170
 25    3        3.00402900       68.06070906       36.11684477        0.90056183
 26    2        3.00569040       20.48429108       46.52339327        1.10494276
 27    4        3.21905940      103.08223896       21.11917194        0.73305648
 28    2        3.00569040        1.32156717       21.42524690        1.10494276
 29    9        4.41237850       35.02152990       29.07712079       -0.18676384
 30    4        3.06230590       15.85880599       42.54441884        0.72929952
 31    2        2.97661120       50.88033590       46.52339327        1.10750419
 32    7        4.78649100       41.62936574       22.34347177        0.18388096
 33    2        2.89589180       61.45287323       26.93459610        1.10750419
 34    8        4.40447030       25.77055974       17.44627247        0.01320434
 35    7        4.24008530       81.27638072       26.93459610        0.18249841
 36    4        3.06230590       56.16660456       33.36217017        0.72929952
 37    4        3.21905940       78.63324639       18.97664725        0.73305648
 38    2        3.00569040       27.75291049       42.54441884        1.10494276
 39    5        3.77486430       74.66854489       34.28039504        0.54175170
 40    2        2.97661120       65.41757473       22.34347177        1.10750419
 41    4        3.09045000       53.52347023       17.75234743        0.73606268
 42    2        2.89589180       62.77444039       33.05609522        1.10750419
 43    3        2.82758590       23.12742541       10.71262345        0.91510903
 44    4        3.66841450       55.93509926        2.54299059        0.72210192
 45   81        9.02105710       39.13365455        5.44042564      -13.95633842
 46  186       10.76470365       76.09628531        2.27447907      -34.21276644
 47   12        5.01579170        8.09459889       16.65557884       -0.74987054
 48   18        5.86625470       94.54211175       30.51474558       -1.88406645
 49    1        1.75000000       13.21567166       27.24067106        1.27978542
 50    1        1.75000000       15.19802241       22.34347177        1.27704391

step =          69     # clusters =  51          # atoms 482 
 Ind    Pt               R               X               Y               E
  0    3        3.00402900       27.75291049       34.89254495        0.90056183
  1    2        2.89589180        7.92940300       40.70796911        1.10750419
  2    1        1.75000000       53.52347023       38.87151937        1.26547802
  3    6        4.12177150       60.79208965       16.52804761        0.38048965
  4    6        4.14230440      105.06458971       29.38319575        0.36589531
  5    6        4.14230440       72.02541056       26.01637123        0.36589531
  6    8        4.58831570       52.20190306       25.40422132        0.00707852
  7    7        4.24008530       86.56264939       16.83412256        0.18249841
  8    8        4.58831570       37.00388065       39.17759433        0.00707852
  9    6        4.23008660       87.22343297       43.15656875        0.37585195
 10    2        3.00569040      105.06458971       46.21731831        1.10494276
 11    3        2.98515040       46.25485082       32.75002026        0.91199504
 12    2        2.89589180       33.03917915       20.50702203        1.10750419
 13    3        2.82758590       95.81361955       16.52804761        0.91510903
 14    2        3.00569040       18.50194033       35.81076982        1.10494276
 15    3        2.82758590       18.50194033       14.69159787        0.91510903
 16    3        3.00402900       81.27638072       38.87151937        0.90056183
 17    3        2.82758590       98.45675388       44.99301849        0.91510903
 18    2        2.89589180       55.50582098       10.71262345        1.10750419
 19    7        4.49813300       21.80585824       27.24067106        0.18630240
 20    2        3.00569040       13.87645525        9.79439858        1.10494276
 21    7        4.23778750       61.45287323       40.70796911        0.17865857
 22    2        2.89589180       44.93328365       42.54441884        1.10750419
 23    7        4.92185880      103.74302255       12.24299823        0.19230703
 24    2        3.02835400        7.92940300       34.58646999        1.09970170
 25    3        3.00402900       68.06070906       36.11684477        0.90056183
 26    2        3.00569040       20.48429108       46.52339327        1.10494276
 27    4        3.21905940      103.08223896       21.11917194        0.73305648
 28    2        3.00569040        1.32156717       21.42524690        1.10494276
 29    9        4.41237850       35.02152990       29.07712079       -0.18676384
 30    4        3.06230590       15.85880599       42.54441884        0.72929952
 31    2        2.97661120       50.88033590       46.52339327        1.10750419
 32    7        4.78649100       41.62936574       22.34347177        0.18388096
 33    2        2.89589180       61.45287323       26.93459610        1.10750419
 34    8        4.40447030       25.77055974       17.44627247        0.01320434
 35    7        4.24008530       81.27638072       26.93459610        0.18249841
 36    3        3.00402900       56.16660456       33.36217017        0.90056183
 37    4        3.21905940       78.63324639       18.97664725        0.73305648
 38    2        3.00569040       27.75291049       42.54441884        1.10494276
 39    5        3.77486430       74.66854489       34.28039504        0.54175170
 40    2        2.97661120       65.41757473       22.34347177        1.10750419
 41    4        3.09045000       53.52347023       17.75234743        0.73606268
 42    3        3.00402900       62.77444039       33.05609522        0.90056183
 43    3        2.82758590       23.12742541       10.71262345        0.91510903
 44    4        3.66841450       55.93509926        2.54299059        0.72210192
 45   81        9.02105710       39.13365455        5.44042564      -13.95633842
 46  186       10.76470365       76.09628531        2.27447907      -34.21276644
 47   12        5.01579170        8.09459889       16.65557884       -0.74987054
 48   18        5.86625470       94.54211175       30.51474558       -1.88406645
 49    1        1.75000000       13.21567166       27.24067106        1.27978542
 50    1        1.75000000       15.19802241       22.34347177        1.27704391

step =          70     # clusters =  51          # atoms 482 
 Ind    Pt               R               X               Y               E
  0    3        3.00402900       27.75291049       34.89254495        0.90056183
  1    2        2.89589180        7.92940300       40.70796911        1.10750419
  2    1        1.75000000       53.52347023       38.87151937        1.26547802
  3    6        4.12177150       60.79208965       16.52804761        0.38048965
  4    6        4.14230440      105.06458971       29.38319575        0.36589531
  5    6        4.14230440       72.02541056       26.01637123        0.36589531
  6    8        4.58831570       52.20190306       25.40422132        0.00707852
  7    7        4.24008530       86.56264939       16.83412256        0.18249841
  8    8        4.58831570       37.00388065       39.17759433        0.00707852
  9    6        4.23008660       87.22343297       43.15656875        0.37585195
 10    2        3.00569040      105.06458971       46.21731831        1.10494276
 11    3        2.98515040       46.25485082       32.75002026        0.91199504
 12    2        2.89589180       33.03917915       20.50702203        1.10750419
 13    3        2.82758590       95.81361955       16.52804761        0.91510903
 14    2        3.00569040       18.50194033       35.81076982        1.10494276
 15    3        2.82758590       18.50194033       14.69159787        0.91510903
 16    3        3.00402900       81.27638072       38.87151937        0.90056183
 17    3        2.82758590       98.45675388       44.99301849        0.91510903
 18    2        2.89589180       55.50582098       10.71262345        1.10750419
 19    7        4.49813300       21.80585824       27.24067106        0.18630240
 20    2        3.00569040       13.87645525        9.79439858        1.10494276
 21    7        4.23778750       61.45287323       40.70796911        0.17865857
 22    2        2.89589180       44.93328365       42.54441884        1.10750419
 23    7        4.92185880      103.74302255       12.24299823        0.19230703
 24    2        3.02835400        7.92940300       34.58646999        1.09970170
 25    3        3.00402900       68.06070906       36.11684477        0.90056183
 26    2        3.00569040       20.48429108       46.52339327        1.10494276
 27    4        3.21905940      103.08223896       21.11917194        0.73305648
 28    2        3.00569040        1.32156717       21.42524690        1.10494276
 29    9        4.41237850       35.02152990       29.07712079       -0.18676384
 30    4        3.06230590       15.85880599       42.54441884        0.72929952
 31    2        2.97661120       50.88033590       46.52339327        1.10750419
 32    7        4.78649100       41.62936574       22.34347177        0.18388096
 33    2        2.89589180       61.45287323       26.93459610        1.10750419
 34    8        4.40447030       25.77055974       17.44627247        0.01320434
 35    7        4.24008530       81.27638072       26.93459610        0.18249841
 36    3        3.00402900       56.16660456       33.36217017        0.90056183
 37    4        3.21905940       78.63324639       18.97664725        0.73305648
 38    2        3.00569040       27.75291049       42.54441884        1.10494276
 39    5        3.77486430       74.66854489       34.28039504        0.54175170
 40    2        2.97661120       65.41757473       22.34347177        1.10750419
 41    4        3.09045000       53.52347023       17.75234743        0.73606268
 42    3        3.00402900       62.77444039       33.05609522        0.90056183
 43    3        2.82758590       23.12742541       10.71262345        0.91510903
 44    4        3.66841450       55.93509926        2.54299059        0.72210192
 45   81        9.02105710       39.13365455        5.44042564      -13.95633842
 46  186       10.76470365       76.09628531        2.27447907      -34.21276644
 47   12        5.01579170        8.09459889       16.65557884       -0.74987054
 48   18        5.86625470       94.54211175       30.51474558       -1.88406645
 49    1        1.75000000       13.21567166       27.24067106        1.27978542
 50    1        1.75000000       15.19802241       22.34347177        1.27704391

step =          71     # clusters =  51          # atoms 482 
 Ind    Pt               R               X               Y               E
  0    3        3.00402900       27.75291049       34.89254495        0.90056183
  1    2        2.89589180        7.92940300       40.70796911        1.10750419
  2    1        1.75000000       53.52347023       38.87151937        1.26547802
  3    6        4.12177150       60.79208965       16.52804761        0.38048965
  4    6        4.14230440      105.06458971       29.38319575        0.36589531
  5    6        4.14230440       72.02541056       26.01637123        0.36589531
  6    8        4.58831570       52.20190306       25.40422132        0.00707852
  7    7        4.24008530       86.56264939       16.83412256        0.18249841
  8    8        4.58831570       37.00388065       39.17759433        0.00707852
  9    6        4.23008660       87.22343297       43.15656875        0.37585195
 10    2        3.00569040      105.06458971       46.21731831        1.10494276
 11    3        2.98515040       46.25485082       32.75002026        0.91199504
 12    2        2.89589180       33.03917915       20.50702203        1.10750419
 13    3        2.82758590       95.81361955       16.52804761        0.91510903
 14    2        3.00569040       18.50194033       35.81076982        1.10494276
 15    3        2.82758590       18.50194033       14.69159787        0.91510903
 16    3        3.00402900       81.27638072       38.87151937        0.90056183
 17    3        2.82758590       98.45675388       44.99301849        0.91510903
 18    2        2.89589180       55.50582098       10.71262345        1.10750419
 19    7        4.49813300       21.80585824       27.24067106        0.18630240
 20    2        3.00569040       13.87645525        9.79439858        1.10494276
 21    7        4.23778750       61.45287323       40.70796911        0.17865857
 22    2        2.89589180       44.93328365       42.54441884        1.10750419
 23    7        4.92185880      103.74302255       12.24299823        0.19230703
 24    2        3.02835400        7.92940300       34.58646999        1.09970170
 25    3        3.00402900       68.06070906       36.11684477        0.90056183
 26    2        3.00569040       20.48429108       46.52339327        1.10494276
 27    4        3.21905940      103.08223896       21.11917194        0.73305648
 28    2        3.00569040        1.32156717       21.42524690        1.10494276
 29    9        4.41237850       35.02152990       29.07712079       -0.18676384
 30    4        3.06230590       15.85880599       42.54441884        0.72929952
 31    2        2.97661120       50.88033590       46.52339327        1.10750419
 32    7        4.78649100       41.62936574       22.34347177        0.18388096
 33    2        2.89589180       61.45287323       26.93459610        1.10750419
 34    8        4.40447030       25.77055974       17.44627247        0.01320434
 35    7        4.24008530       81.27638072       26.93459610        0.18249841
 36    3        3.00402900       56.16660456       33.36217017        0.90056183
 37    4        3.21905940       78.63324639       18.97664725        0.73305648
 38    2        3.00569040       27.75291049       42.54441884        1.10494276
 39    5        3.77486430       74.66854489       34.28039504        0.54175170
 40    2        2.97661120       65.41757473       22.34347177        1.10750419
 41    4        3.09045000       53.52347023       17.75234743        0.73606268
 42    3        3.00402900       62.77444039       33.05609522        0.90056183
 43    3        2.82758590       23.12742541       10.71262345        0.91510903
 44    4        3.66841450       55.93509926        2.54299059        0.72210192
 45   81        9.02105710       39.13365455        5.44042564      -13.95633842
 46  186       10.76470365       76.09628531        2.27447907      -34.21276644
 47   12        5.01579170        8.09459889       16.65557884       -0.74987054
 48   18        5.86625470       94.54211175       30.51474558       -1.88406645
 49    1        1.75000000       13.21567166       27.24067106        1.27978542
 50    1        1.75000000       15.19802241       22.34347177        1.27704391

step =          72     # clusters =  51          # atoms 482 
 Ind    Pt               R               X               Y               E
  0    3        3.00402900       27.75291049       34.89254495        0.90056183
  1    2        2.89589180        7.92940300       40.70796911        1.10750419
  2    1        1.75000000       53.52347023       38.87151937        1.26547802
  3    6        4.12177150       60.79208965       16.52804761        0.38048965
  4    6        4.14230440      105.06458971       29.38319575        0.36589531
  5    6        4.14230440       72.02541056       26.01637123        0.36589531
  6    8        4.58831570       52.20190306       25.40422132        0.00707852
  7    7        4.24008530       86.56264939       16.83412256        0.18249841
  8    8        4.58831570       37.00388065       39.17759433        0.00707852
  9    6        4.23008660       87.22343297       43.15656875        0.37585195
 10    2        3.00569040      105.06458971       46.21731831        1.10494276
 11    3        2.98515040       46.25485082       32.75002026        0.91199504
 12    2        2.89589180       33.03917915       20.50702203        1.10750419
 13    3        2.82758590       95.81361955       16.52804761        0.91510903
 14    2        3.00569040       18.50194033       35.81076982        1.10494276
 15    3        2.82758590       18.50194033       14.69159787        0.91510903
 16    3        3.00402900       81.27638072       38.87151937        0.90056183
 17    3        2.82758590       98.45675388       44.99301849        0.91510903
 18    2        2.89589180       55.50582098       10.71262345        1.10750419
 19    7        4.49813300       21.80585824       27.24067106        0.18630240
 20    2        3.00569040       13.87645525        9.79439858        1.10494276
 21    7        4.23778750       61.45287323       40.70796911        0.17865857
 22    2        2.89589180       44.93328365       42.54441884        1.10750419
 23    7        4.92185880      103.74302255       12.24299823        0.19230703
 24    2        3.02835400        7.92940300       34.58646999        1.09970170
 25    3        3.00402900       68.06070906       36.11684477        0.90056183
 26    2        3.00569040       20.48429108       46.52339327        1.10494276
 27    4        3.21905940      103.08223896       21.11917194        0.73305648
 28    2        3.00569040        1.32156717       21.42524690        1.10494276
 29    9        4.41237850       35.02152990       29.07712079       -0.18676384
 30    4        3.06230590       15.85880599       42.54441884        0.72929952
 31    2        2.97661120       50.88033590       46.52339327        1.10750419
 32    7        4.78649100       41.62936574       22.34347177        0.18388096
 33    2        2.89589180       61.45287323       26.93459610        1.10750419
 34    8        4.40447030       25.77055974       17.44627247        0.01320434
 35    7        4.24008530       81.27638072       26.93459610        0.18249841
 36    3        3.00402900       56.16660456       33.36217017        0.90056183
 37    4        3.21905940       78.63324639       18.97664725        0.73305648
 38    2        3.00569040       27.75291049       42.54441884        1.10494276
 39    5        3.77486430       74.66854489       34.28039504        0.54175170
 40    2        2.97661120       65.41757473       22.34347177        1.10750419
 41    4        3.09045000       53.52347023       17.75234743        0.73606268
 42    3        3.00402900       62.77444039       33.05609522        0.90056183
 43    3        2.82758590       23.12742541       10.71262345        0.91510903
 44    4        3.66841450       55.93509926        2.54299059        0.72210192
 45   81        9.02105710       39.13365455        5.44042564      -13.95633842
 46  186       10.76470365       76.09628531        2.27447907      -34.21276644
 47   12        5.01579170        8.09459889       16.65557884       -0.74987054
 48   18        5.86625470       94.54211175       30.51474558       -1.88406645
 49    1        1.75000000       13.21567166       27.24067106        1.27978542
 50    1        1.75000000       15.19802241       22.34347177        1.27704391

step =          73     # clusters =  50          # atoms 482 
 Ind    Pt               R               X               Y               E
  0    3        3.00402900       27.75291049       34.89254495        0.90056183
  1    2        2.89589180        7.92940300       40.70796911        1.10750419
  2    1        1.75000000       53.52347023       38.87151937        1.26547802
  3    6        4.14230440      105.06458971       29.38319575        0.36589531
  4    6        4.14230440       72.02541056       26.01637123        0.36589531
  5    8        4.58831570       52.20190306       25.40422132        0.00707852
  6    7        4.24008530       86.56264939       16.83412256        0.18249841
  7    8        4.58831570       37.00388065       39.17759433        0.00707852
  8    6        4.23008660       87.22343297       43.15656875        0.37585195
  9    2        3.00569040      105.06458971       46.21731831        1.10494276
 10    3        2.98515040       46.25485082       32.75002026        0.91199504
 11    2        2.89589180       33.03917915       20.50702203        1.10750419
 12    3        2.82758590       95.81361955       16.52804761        0.91510903
 13    2        3.00569040       18.50194033       35.81076982        1.10494276
 14    3        2.82758590       18.50194033       14.69159787        0.91510903
 15    3        3.00402900       81.27638072       38.87151937        0.90056183
 16    3        2.82758590       98.45675388       44.99301849        0.91510903
 17    1        1.75000000       55.50582098       10.71262345        1.26847768
 18    7        4.49813300       21.80585824       27.24067106        0.18630240
 19    2        3.00569040       13.87645525        9.79439858        1.10494276
 20    7        4.23778750       61.45287323       40.70796911        0.17865857
 21    2        2.89589180       44.93328365       42.54441884        1.10750419
 22    7        4.92185880      103.74302255       12.24299823        0.19230703
 23    2        3.02835400        7.92940300       34.58646999        1.09970170
 24    3        3.00402900       68.06070906       36.11684477        0.90056183
 25    2        3.00569040       20.48429108       46.52339327        1.10494276
 26    4        3.21905940      103.08223896       21.11917194        0.73305648
 27    2        3.00569040        1.32156717       21.42524690        1.10494276
 28    9        4.41237850       35.02152990       29.07712079       -0.18676384
 29    4        3.06230590       15.85880599       42.54441884        0.72929952
 30    2        2.97661120       50.88033590       46.52339327        1.10750419
 31    7        4.78649100       41.62936574       22.34347177        0.18388096
 32    2        2.89589180       61.45287323       26.93459610        1.10750419
 33    8        4.40447030       25.77055974       17.44627247        0.01320434
 34    7        4.24008530       81.27638072       26.93459610        0.18249841
 35    3        3.00402900       56.16660456       33.36217017        0.90056183
 36    4        3.21905940       78.63324639       18.97664725        0.73305648
 37    2        3.00569040       27.75291049       42.54441884        1.10494276
 38    5        3.77486430       74.66854489       34.28039504        0.54175170
 39    4        3.09045000       53.52347023       17.75234743        0.73606268
 40    3        3.00402900       62.77444039       33.05609522        0.90056183
 41    3        2.82758590       23.12742541       10.71262345        0.91510903
 42    4        3.66841450       55.93509926        2.54299059        0.72210192
 43   81        9.02105710       39.13365455        5.44042564      -13.95633842
 44  186       10.76470365       76.09628531        2.27447907      -34.21276644
 45   12        5.01579170        8.09459889       16.65557884       -0.74987054
 46   18        5.86625470       94.54211175       30.51474558       -1.88406645
 47    1        1.75000000       13.21567166       27.24067106        1.27978542
 48    1        1.75000000       15.19802241       22.34347177        1.27704391
 49    9        4.41237850       61.81997522       17.82036409       -0.18676384

step =          74     # clusters =  50          # atoms 482 
 Ind    Pt               R               X               Y               E
  0    3        3.00402900       27.75291049       34.89254495        0.90056183
  1    2        2.89589180        7.92940300       40.70796911        1.10750419
  2    1        1.75000000       53.52347023       38.87151937        1.26547802
  3    6        4.14230440      105.06458971       29.38319575        0.36589531
  4    6        4.14230440       72.02541056       26.01637123        0.36589531
  5    8        4.58831570       52.20190306       25.40422132        0.00707852
  6    7        4.24008530       86.56264939       16.83412256        0.18249841
  7    8        4.58831570       37.00388065       39.17759433        0.00707852
  8    6        4.23008660       87.22343297       43.15656875        0.37585195
  9    2        3.00569040      105.06458971       46.21731831        1.10494276
 10    3        2.98515040       46.25485082       32.75002026        0.91199504
 11    2        2.89589180       33.03917915       20.50702203        1.10750419
 12    3        2.82758590       95.81361955       16.52804761        0.91510903
 13    2        3.00569040       18.50194033       35.81076982        1.10494276
 14    3        2.82758590       18.50194033       14.69159787        0.91510903
 15    3        3.00402900       81.27638072       38.87151937        0.90056183
 16    3        2.82758590       98.45675388       44.99301849        0.91510903
 17    1        1.75000000       55.50582098       10.71262345        1.26847768
 18    7        4.49813300       21.80585824       27.24067106        0.18630240
 19    2        3.00569040       13.87645525        9.79439858        1.10494276
 20    7        4.23778750       61.45287323       40.70796911        0.17865857
 21    2        2.89589180       44.93328365       42.54441884        1.10750419
 22    7        4.92185880      103.74302255       12.24299823        0.19230703
 23    2        3.02835400        7.92940300       34.58646999        1.09970170
 24    3        3.00402900       68.06070906       36.11684477        0.90056183
 25    2        3.00569040       20.48429108       46.52339327        1.10494276
 26    4        3.21905940      103.08223896       21.11917194        0.73305648
 27    2        3.00569040        1.32156717       21.42524690        1.10494276
 28    9        4.41237850       35.02152990       29.07712079       -0.18676384
 29    4        3.06230590       15.85880599       42.54441884        0.72929952
 30    2        2.97661120       50.88033590       46.52339327        1.10750419
 31    7        4.78649100       41.62936574       22.34347177        0.18388096
 32    2        2.89589180       61.45287323       26.93459610        1.10750419
 33    8        4.40447030       25.77055974       17.44627247        0.01320434
 34    7        4.24008530       81.27638072       26.93459610        0.18249841
 35    3        3.00402900       56.16660456       33.36217017        0.90056183
 36    4        3.21905940       78.63324639       18.97664725        0.73305648
 37    2        3.00569040       27.75291049       42.54441884        1.10494276
 38    5        3.77486430       74.66854489       34.28039504        0.54175170
 39    4        3.09045000       53.52347023       17.75234743        0.73606268
 40    3        3.00402900       62.77444039       33.05609522        0.90056183
 41    3        2.82758590       23.12742541       10.71262345        0.91510903
 42    4        3.66841450       55.93509926        2.54299059        0.72210192
 43   81        9.02105710       39.13365455        5.44042564      -13.95633842
 44  186       10.76470365       76.09628531        2.27447907      -34.21276644
 45   12        5.01579170        8.09459889       16.65557884       -0.74987054
 46   18        5.86625470       94.54211175       30.51474558       -1.88406645
 47    1        1.75000000       13.21567166       27.24067106        1.27978542
 48    1        1.75000000       15.19802241       22.34347177        1.27704391
 49    9        4.41237850       61.81997522       17.82036409       -0.18676384

step =          75     # clusters =  50          # atoms 482 
 Ind    Pt               R               X               Y               E
  0    3        3.00402900       27.75291049       34.89254495        0.90056183
  1    2        2.89589180        7.92940300       40.70796911        1.10750419
  2    1        1.75000000       53.52347023       38.87151937        1.26547802
  3    6        4.14230440      105.06458971       29.38319575        0.36589531
  4    6        4.14230440       72.02541056       26.01637123        0.36589531
  5    8        4.58831570       52.20190306       25.40422132        0.00707852
  6    7        4.24008530       86.56264939       16.83412256        0.18249841
  7    8        4.58831570       37.00388065       39.17759433        0.00707852
  8    6        4.23008660       87.22343297       43.15656875        0.37585195
  9    2        3.00569040      105.06458971       46.21731831        1.10494276
 10    3        2.98515040       46.25485082       32.75002026        0.91199504
 11    2        2.89589180       33.03917915       20.50702203        1.10750419
 12    3        2.82758590       95.81361955       16.52804761        0.91510903
 13    2        3.00569040       18.50194033       35.81076982        1.10494276
 14    3        2.82758590       18.50194033       14.69159787        0.91510903
 15    3        3.00402900       81.27638072       38.87151937        0.90056183
 16    3        2.82758590       98.45675388       44.99301849        0.91510903
 17    1        1.75000000       55.50582098       10.71262345        1.26847768
 18    7        4.49813300       21.80585824       27.24067106        0.18630240
 19    2        3.00569040       13.87645525        9.79439858        1.10494276
 20    7        4.23778750       61.45287323       40.70796911        0.17865857
 21    2        2.89589180       44.93328365       42.54441884        1.10750419
 22    7        4.92185880      103.74302255       12.24299823        0.19230703
 23    2        3.02835400        7.92940300       34.58646999        1.09970170
 24    3        3.00402900       68.06070906       36.11684477        0.90056183
 25    2        3.00569040       20.48429108       46.52339327        1.10494276
 26    4        3.21905940      103.08223896       21.11917194        0.73305648
 27    2        3.00569040        1.32156717       21.42524690        1.10494276
 28    9        4.41237850       35.02152990       29.07712079       -0.18676384
 29    4        3.06230590       15.85880599       42.54441884        0.72929952
 30    2        2.97661120       50.88033590       46.52339327        1.10750419
 31    7        4.78649100       41.62936574       22.34347177        0.18388096
 32    2        2.89589180       61.45287323       26.93459610        1.10750419
 33    8        4.40447030       25.77055974       17.44627247        0.01320434
 34    7        4.24008530       81.27638072       26.93459610        0.18249841
 35    3        3.00402900       56.16660456       33.36217017        0.90056183
 36    4        3.21905940       78.63324639       18.97664725        0.73305648
 37    2        3.00569040       27.75291049       42.54441884        1.10494276
 38    5        3.77486430       74.66854489       34.28039504        0.54175170
 39    4        3.09045000       53.52347023       17.75234743        0.73606268
 40    3        3.00402900       62.77444039       33.05609522        0.90056183
 41    3        2.82758590       23.12742541       10.71262345        0.91510903
 42    4        3.66841450       55.93509926        2.54299059        0.72210192
 43   81        9.02105710       39.13365455        5.44042564      -13.95633842
 44  186       10.76470365       76.09628531        2.27447907      -34.21276644
 45   12        5.01579170        8.09459889       16.65557884       -0.74987054
 46   18        5.86625470       94.54211175       30.51474558       -1.88406645
 47    1        1.75000000       13.21567166       27.24067106        1.27978542
 48    1        1.75000000       15.19802241       22.34347177        1.27704391
 49    9        4.41237850       61.81997522       17.82036409       -0.18676384

step =          76     # clusters =  50          # atoms 482 
 Ind    Pt               R               X               Y               E
  0    3        3.00402900       27.75291049       34.89254495        0.90056183
  1    2        2.89589180        7.92940300       40.70796911        1.10750419
  2    1        1.75000000       53.52347023       38.87151937        1.26547802
  3    6        4.14230440      105.06458971       29.38319575        0.36589531
  4    6        4.14230440       72.02541056       26.01637123        0.36589531
  5    8        4.58831570       52.20190306       25.40422132        0.00707852
  6    7        4.24008530       86.56264939       16.83412256        0.18249841
  7    8        4.58831570       37.00388065       39.17759433        0.00707852
  8    6        4.23008660       87.22343297       43.15656875        0.37585195
  9    2        3.00569040      105.06458971       46.21731831        1.10494276
 10    3        2.98515040       46.25485082       32.75002026        0.91199504
 11    2        2.89589180       33.03917915       20.50702203        1.10750419
 12    3        2.82758590       95.81361955       16.52804761        0.91510903
 13    2        3.00569040       18.50194033       35.81076982        1.10494276
 14    3        2.82758590       18.50194033       14.69159787        0.91510903
 15    3        3.00402900       81.27638072       38.87151937        0.90056183
 16    3        2.82758590       98.45675388       44.99301849        0.91510903
 17    1        1.75000000       55.50582098       10.71262345        1.26847768
 18    7        4.49813300       21.80585824       27.24067106        0.18630240
 19    2        3.00569040       13.87645525        9.79439858        1.10494276
 20    7        4.23778750       61.45287323       40.70796911        0.17865857
 21    2        2.89589180       44.93328365       42.54441884        1.10750419
 22    7        4.92185880      103.74302255       12.24299823        0.19230703
 23    2        3.02835400        7.92940300       34.58646999        1.09970170
 24    3        3.00402900       68.06070906       36.11684477        0.90056183
 25    2        3.00569040       20.48429108       46.52339327        1.10494276
 26    4        3.21905940      103.08223896       21.11917194        0.73305648
 27    2        3.00569040        1.32156717       21.42524690        1.10494276
 28    9        4.41237850       35.02152990       29.07712079       -0.18676384
 29    4        3.06230590       15.85880599       42.54441884        0.72929952
 30    2        2.97661120       50.88033590       46.52339327        1.10750419
 31    7        4.78649100       41.62936574       22.34347177        0.18388096
 32    2        2.89589180       61.45287323       26.93459610        1.10750419
 33    8        4.40447030       25.77055974       17.44627247        0.01320434
 34    7        4.24008530       81.27638072       26.93459610        0.18249841
 35    3        3.00402900       56.16660456       33.36217017        0.90056183
 36    4        3.21905940       78.63324639       18.97664725        0.73305648
 37    2        3.00569040       27.75291049       42.54441884        1.10494276
 38    5        3.77486430       74.66854489       34.28039504        0.54175170
 39    4        3.09045000       53.52347023       17.75234743        0.73606268
 40    3        3.00402900       62.77444039       33.05609522        0.90056183
 41    3        2.82758590       23.12742541       10.71262345        0.91510903
 42    4        3.66841450       55.93509926        2.54299059        0.72210192
 43   81        9.02105710       39.13365455        5.44042564      -13.95633842
 44  186       10.76470365       76.09628531        2.27447907      -34.21276644
 45   12        5.01579170        8.09459889       16.65557884       -0.74987054
 46   18        5.86625470       94.54211175       30.51474558       -1.88406645
 47    1        1.75000000       13.21567166       27.24067106        1.27978542
 48    1        1.75000000       15.19802241       22.34347177        1.27704391
 49    9        4.41237850       61.81997522       17.82036409       -0.18676384

step =          77     # clusters =  50          # atoms 482 
 Ind    Pt               R               X               Y               E
  0    3        3.00402900       27.75291049       34.89254495        0.90056183
  1    2        2.89589180        7.92940300       40.70796911        1.10750419
  2    1        1.75000000       53.52347023       38.87151937        1.26547802
  3    6        4.14230440      105.06458971       29.38319575        0.36589531
  4    6        4.14230440       72.02541056       26.01637123        0.36589531
  5    8        4.58831570       52.20190306       25.40422132        0.00707852
  6    7        4.24008530       86.56264939       16.83412256        0.18249841
  7    8        4.58831570       37.00388065       39.17759433        0.00707852
  8    6        4.23008660       87.22343297       43.15656875        0.37585195
  9    2        3.00569040      105.06458971       46.21731831        1.10494276
 10    3        2.98515040       46.25485082       32.75002026        0.91199504
 11    2        2.89589180       33.03917915       20.50702203        1.10750419
 12    3        2.82758590       95.81361955       16.52804761        0.91510903
 13    2        3.00569040       18.50194033       35.81076982        1.10494276
 14    3        2.82758590       18.50194033       14.69159787        0.91510903
 15    3        3.00402900       81.27638072       38.87151937        0.90056183
 16    3        2.82758590       98.45675388       44.99301849        0.91510903
 17    1        1.75000000       55.50582098       10.71262345        1.26847768
 18    7        4.49813300       21.80585824       27.24067106        0.18630240
 19    2        3.00569040       13.87645525        9.79439858        1.10494276
 20    7        4.23778750       61.45287323       40.70796911        0.17865857
 21    2        2.89589180       44.93328365       42.54441884        1.10750419
 22    7        4.92185880      103.74302255       12.24299823        0.19230703
 23    2        3.02835400        7.92940300       34.58646999        1.09970170
 24    3        3.00402900       68.06070906       36.11684477        0.90056183
 25    2        3.00569040       20.48429108       46.52339327        1.10494276
 26    4        3.21905940      103.08223896       21.11917194        0.73305648
 27    2        3.00569040        1.32156717       21.42524690        1.10494276
 28    9        4.41237850       35.02152990       29.07712079       -0.18676384
 29    4        3.06230590       15.85880599       42.54441884        0.72929952
 30    2        2.97661120       50.88033590       46.52339327        1.10750419
 31    7        4.78649100       41.62936574       22.34347177        0.18388096
 32    2        2.89589180       61.45287323       26.93459610        1.10750419
 33    8        4.40447030       25.77055974       17.44627247        0.01320434
 34    7        4.24008530       81.27638072       26.93459610        0.18249841
 35    3        3.00402900       56.16660456       33.36217017        0.90056183
 36    4        3.21905940       78.63324639       18.97664725        0.73305648
 37    2        3.00569040       27.75291049       42.54441884        1.10494276
 38    5        3.77486430       74.66854489       34.28039504        0.54175170
 39    4        3.09045000       53.52347023       17.75234743        0.73606268
 40    3        3.00402900       62.77444039       33.05609522        0.90056183
 41    3        2.82758590       23.12742541       10.71262345        0.91510903
 42    4        3.66841450       55.93509926        2.54299059        0.72210192
 43   81        9.02105710       39.13365455        5.44042564      -13.95633842
 44  186       10.76470365       76.09628531        2.27447907      -34.21276644
 45   12        5.01579170        8.09459889       16.65557884       -0.74987054
 46   18        5.86625470       94.54211175       30.51474558       -1.88406645
 47    1        1.75000000       13.21567166       27.24067106        1.27978542
 48    1        1.75000000       15.19802241       22.34347177        1.27704391
 49    9        4.41237850       61.81997522       17.82036409       -0.18676384

step =          78     # clusters =  50          # atoms 482 
 Ind    Pt               R               X               Y               E
  0    3        3.00402900       27.75291049       34.89254495        0.90056183
  1    2        2.89589180        7.92940300       40.70796911        1.10750419
  2    1        1.75000000       53.52347023       38.87151937        1.26547802
  3    6        4.14230440      105.06458971       29.38319575        0.36589531
  4    6        4.14230440       72.02541056       26.01637123        0.36589531
  5    8        4.58831570       52.20190306       25.40422132        0.00707852
  6    7        4.24008530       86.56264939       16.83412256        0.18249841
  7    8        4.58831570       37.00388065       39.17759433        0.00707852
  8    6        4.23008660       87.22343297       43.15656875        0.37585195
  9    2        3.00569040      105.06458971       46.21731831        1.10494276
 10    3        2.98515040       46.25485082       32.75002026        0.91199504
 11    2        2.89589180       33.03917915       20.50702203        1.10750419
 12    3        2.82758590       95.81361955       16.52804761        0.91510903
 13    2        3.00569040       18.50194033       35.81076982        1.10494276
 14    3        2.82758590       18.50194033       14.69159787        0.91510903
 15    3        3.00402900       81.27638072       38.87151937        0.90056183
 16    3        2.82758590       98.45675388       44.99301849        0.91510903
 17    1        1.75000000       55.50582098       10.71262345        1.26847768
 18    7        4.49813300       21.80585824       27.24067106        0.18630240
 19    2        3.00569040       13.87645525        9.79439858        1.10494276
 20    7        4.23778750       61.45287323       40.70796911        0.17865857
 21    2        2.89589180       44.93328365       42.54441884        1.10750419
 22    7        4.92185880      103.74302255       12.24299823        0.19230703
 23    2        3.02835400        7.92940300       34.58646999        1.09970170
 24    3        3.00402900       68.06070906       36.11684477        0.90056183
 25    2        3.00569040       20.48429108       46.52339327        1.10494276
 26    4        3.21905940      103.08223896       21.11917194        0.73305648
 27    2        3.00569040        1.32156717       21.42524690        1.10494276
 28    9        4.41237850       35.02152990       29.07712079       -0.18676384
 29    4        3.06230590       15.85880599       42.54441884        0.72929952
 30    2        2.97661120       50.88033590       46.52339327        1.10750419
 31    7        4.78649100       41.62936574       22.34347177        0.18388096
 32    2        2.89589180       61.45287323       26.93459610        1.10750419
 33    8        4.40447030       25.77055974       17.44627247        0.01320434
 34    7        4.24008530       81.27638072       26.93459610        0.18249841
 35    3        3.00402900       56.16660456       33.36217017        0.90056183
 36    4        3.21905940       78.63324639       18.97664725        0.73305648
 37    2        3.00569040       27.75291049       42.54441884        1.10494276
 38    5        3.77486430       74.66854489       34.28039504        0.54175170
 39    4        3.09045000       53.52347023       17.75234743        0.73606268
 40    3        3.00402900       62.77444039       33.05609522        0.90056183
 41    3        2.82758590       23.12742541       10.71262345        0.91510903
 42    4        3.66841450       55.93509926        2.54299059        0.72210192
 43   81        9.02105710       39.13365455        5.44042564      -13.95633842
 44  186       10.76470365       76.09628531        2.27447907      -34.21276644
 45   12        5.01579170        8.09459889       16.65557884       -0.74987054
 46   18        5.86625470       94.54211175       30.51474558       -1.88406645
 47    1        1.75000000       13.21567166       27.24067106        1.27978542
 48    1        1.75000000       15.19802241       22.34347177        1.27704391
 49    9        4.41237850       61.81997522       17.82036409       -0.18676384

step =          79     # clusters =  50          # atoms 482 
 Ind    Pt               R               X               Y               E
  0    3        3.00402900       27.75291049       34.89254495        0.90056183
  1    2        2.89589180        7.92940300       40.70796911        1.10750419
  2    1        1.75000000       53.52347023       38.87151937        1.26547802
  3    6        4.14230440      105.06458971       29.38319575        0.36589531
  4    6        4.14230440       72.02541056       26.01637123        0.36589531
  5    8        4.58831570       52.20190306       25.40422132        0.00707852
  6    7        4.24008530       86.56264939       16.83412256        0.18249841
  7    8        4.58831570       37.00388065       39.17759433        0.00707852
  8    6        4.23008660       87.22343297       43.15656875        0.37585195
  9    2        3.00569040      105.06458971       46.21731831        1.10494276
 10    3        2.98515040       46.25485082       32.75002026        0.91199504
 11    2        2.89589180       33.03917915       20.50702203        1.10750419
 12    3        2.82758590       95.81361955       16.52804761        0.91510903
 13    2        3.00569040       18.50194033       35.81076982        1.10494276
 14    3        2.82758590       18.50194033       14.69159787        0.91510903
 15    3        3.00402900       81.27638072       38.87151937        0.90056183
 16    3        2.82758590       98.45675388       44.99301849        0.91510903
 17    1        1.75000000       55.50582098       10.71262345        1.26847768
 18    7        4.49813300       21.80585824       27.24067106        0.18630240
 19    2        3.00569040       13.87645525        9.79439858        1.10494276
 20    7        4.23778750       61.45287323       40.70796911        0.17865857
 21    2        2.89589180       44.93328365       42.54441884        1.10750419
 22    7        4.92185880      103.74302255       12.24299823        0.19230703
 23    2        3.02835400        7.92940300       34.58646999        1.09970170
 24    3        3.00402900       68.06070906       36.11684477        0.90056183
 25    2        3.00569040       20.48429108       46.52339327        1.10494276
 26    4        3.21905940      103.08223896       21.11917194        0.73305648
 27    2        3.00569040        1.32156717       21.42524690        1.10494276
 28    9        4.41237850       35.02152990       29.07712079       -0.18676384
 29    4        3.06230590       15.85880599       42.54441884        0.72929952
 30    2        2.97661120       50.88033590       46.52339327        1.10750419
 31    7        4.78649100       41.62936574       22.34347177        0.18388096
 32    2        2.89589180       61.45287323       26.93459610        1.10750419
 33    8        4.40447030       25.77055974       17.44627247        0.01320434
 34    7        4.24008530       81.27638072       26.93459610        0.18249841
 35    3        3.00402900       56.16660456       33.36217017        0.90056183
 36    4        3.21905940       78.63324639       18.97664725        0.73305648
 37    2        3.00569040       27.75291049       42.54441884        1.10494276
 38    5        3.77486430       74.66854489       34.28039504        0.54175170
 39    4        3.09045000       53.52347023       17.75234743        0.73606268
 40    3        3.00402900       62.77444039       33.05609522        0.90056183
 41    3        2.82758590       23.12742541       10.71262345        0.91510903
 42    4        3.66841450       55.93509926        2.54299059        0.72210192
 43   81        9.02105710       39.13365455        5.44042564      -13.95633842
 44  186       10.76470365       76.09628531        2.27447907      -34.21276644
 45   12        5.01579170        8.09459889       16.65557884       -0.74987054
 46   18        5.86625470       94.54211175       30.51474558       -1.88406645
 47    1        1.75000000       13.21567166       27.24067106        1.27978542
 48    1        1.75000000       15.19802241       22.34347177        1.27704391
 49    9        4.41237850       61.81997522       17.82036409       -0.18676384

step =          80     # clusters =  50          # atoms 482 
 Ind    Pt               R               X               Y               E
  0    3        3.00402900       27.75291049       34.89254495        0.90056183
  1    2        2.89589180        7.92940300       40.70796911        1.10750419
  2    1        1.75000000       53.52347023       38.87151937        1.26547802
  3    6        4.14230440      105.06458971       29.38319575        0.36589531
  4    6        4.14230440       72.02541056       26.01637123        0.36589531
  5    8        4.58831570       52.20190306       25.40422132        0.00707852
  6    7        4.24008530       86.56264939       16.83412256        0.18249841
  7    8        4.58831570       37.00388065       39.17759433        0.00707852
  8    6        4.23008660       87.22343297       43.15656875        0.37585195
  9    2        3.00569040      105.06458971       46.21731831        1.10494276
 10    3        2.98515040       46.25485082       32.75002026        0.91199504
 11    2        2.89589180       33.03917915       20.50702203        1.10750419
 12    3        2.82758590       95.81361955       16.52804761        0.91510903
 13    2        3.00569040       18.50194033       35.81076982        1.10494276
 14    3        2.82758590       18.50194033       14.69159787        0.91510903
 15    3        3.00402900       81.27638072       38.87151937        0.90056183
 16    3        2.82758590       98.45675388       44.99301849        0.91510903
 17    1        1.75000000       55.50582098       10.71262345        1.26847768
 18    7        4.49813300       21.80585824       27.24067106        0.18630240
 19    2        3.00569040       13.87645525        9.79439858        1.10494276
 20    7        4.23778750       61.45287323       40.70796911        0.17865857
 21    2        2.89589180       44.93328365       42.54441884        1.10750419
 22    7        4.92185880      103.74302255       12.24299823        0.19230703
 23    2        3.02835400        7.92940300       34.58646999        1.09970170
 24    3        3.00402900       68.06070906       36.11684477        0.90056183
 25    2        3.00569040       20.48429108       46.52339327        1.10494276
 26    4        3.21905940      103.08223896       21.11917194        0.73305648
 27    2        3.00569040        1.32156717       21.42524690        1.10494276
 28    9        4.41237850       35.02152990       29.07712079       -0.18676384
 29    4        3.06230590       15.85880599       42.54441884        0.72929952
 30    2        2.97661120       50.88033590       46.52339327        1.10750419
 31    7        4.78649100       41.62936574       22.34347177        0.18388096
 32    2        2.89589180       61.45287323       26.93459610        1.10750419
 33    8        4.40447030       25.77055974       17.44627247        0.01320434
 34    7        4.24008530       81.27638072       26.93459610        0.18249841
 35    3        3.00402900       56.16660456       33.36217017        0.90056183
 36    4        3.21905940       78.63324639       18.97664725        0.73305648
 37    2        3.00569040       27.75291049       42.54441884        1.10494276
 38    5        3.77486430       74.66854489       34.28039504        0.54175170
 39    4        3.09045000       53.52347023       17.75234743        0.73606268
 40    3        3.00402900       62.77444039       33.05609522        0.90056183
 41    3        2.82758590       23.12742541       10.71262345        0.91510903
 42    4        3.66841450       55.93509926        2.54299059        0.72210192
 43   81        9.02105710       39.13365455        5.44042564      -13.95633842
 44  186       10.76470365       76.09628531        2.27447907      -34.21276644
 45   12        5.01579170        8.09459889       16.65557884       -0.74987054
 46   18        5.86625470       94.54211175       30.51474558       -1.88406645
 47    1        1.75000000       13.21567166       27.24067106        1.27978542
 48    1        1.75000000       15.19802241       22.34347177        1.27704391
 49    9        4.41237850       61.81997522       17.82036409       -0.18676384

step =          81     # clusters =  50          # atoms 482 
 Ind    Pt               R               X               Y               E
  0    3        3.00402900       27.75291049       34.89254495        0.90056183
  1    2        2.89589180        7.92940300       40.70796911        1.10750419
  2    1        1.75000000       53.52347023       38.87151937        1.26547802
  3    6        4.14230440      105.06458971       29.38319575        0.36589531
  4    6        4.14230440       72.02541056       26.01637123        0.36589531
  5    8        4.58831570       52.20190306       25.40422132        0.00707852
  6    7        4.24008530       86.56264939       16.83412256        0.18249841
  7    8        4.58831570       37.00388065       39.17759433        0.00707852
  8    6        4.23008660       87.22343297       43.15656875        0.37585195
  9    2        3.00569040      105.06458971       46.21731831        1.10494276
 10    3        2.98515040       46.25485082       32.75002026        0.91199504
 11    2        2.89589180       33.03917915       20.50702203        1.10750419
 12    3        2.82758590       95.81361955       16.52804761        0.91510903
 13    2        3.00569040       18.50194033       35.81076982        1.10494276
 14    3        2.82758590       18.50194033       14.69159787        0.91510903
 15    3        3.00402900       81.27638072       38.87151937        0.90056183
 16    3        2.82758590       98.45675388       44.99301849        0.91510903
 17    1        1.75000000       55.50582098       10.71262345        1.26847768
 18    7        4.49813300       21.80585824       27.24067106        0.18630240
 19    2        3.00569040       13.87645525        9.79439858        1.10494276
 20    7        4.23778750       61.45287323       40.70796911        0.17865857
 21    2        2.89589180       44.93328365       42.54441884        1.10750419
 22    7        4.92185880      103.74302255       12.24299823        0.19230703
 23    2        3.02835400        7.92940300       34.58646999        1.09970170
 24    3        3.00402900       68.06070906       36.11684477        0.90056183
 25    2        3.00569040       20.48429108       46.52339327        1.10494276
 26    4        3.21905940      103.08223896       21.11917194        0.73305648
 27    2        3.00569040        1.32156717       21.42524690        1.10494276
 28    9        4.41237850       35.02152990       29.07712079       -0.18676384
 29    4        3.06230590       15.85880599       42.54441884        0.72929952
 30    2        2.97661120       50.88033590       46.52339327        1.10750419
 31    7        4.78649100       41.62936574       22.34347177        0.18388096
 32    2        2.89589180       61.45287323       26.93459610        1.10750419
 33    8        4.40447030       25.77055974       17.44627247        0.01320434
 34    7        4.24008530       81.27638072       26.93459610        0.18249841
 35    3        3.00402900       56.16660456       33.36217017        0.90056183
 36    4        3.21905940       78.63324639       18.97664725        0.73305648
 37    2        3.00569040       27.75291049       42.54441884        1.10494276
 38    5        3.77486430       74.66854489       34.28039504        0.54175170
 39    4        3.09045000       53.52347023       17.75234743        0.73606268
 40    3        3.00402900       62.77444039       33.05609522        0.90056183
 41    3        2.82758590       23.12742541       10.71262345        0.91510903
 42    4        3.66841450       55.93509926        2.54299059        0.72210192
 43   81        9.02105710       39.13365455        5.44042564      -13.95633842
 44  186       10.76470365       76.09628531        2.27447907      -34.21276644
 45   12        5.01579170        8.09459889       16.65557884       -0.74987054
 46   18        5.86625470       94.54211175       30.51474558       -1.88406645
 47    1        1.75000000       13.21567166       27.24067106        1.27978542
 48    1        1.75000000       15.19802241       22.34347177        1.27704391
 49    9        4.41237850       61.81997522       17.82036409       -0.18676384

step =          82     # clusters =  50          # atoms 482 
 Ind    Pt               R               X               Y               E
  0    3        3.00402900       27.75291049       34.89254495        0.90056183
  1    2        2.89589180        7.92940300       40.70796911        1.10750419
  2    1        1.75000000       53.52347023       38.87151937        1.26547802
  3    6        4.14230440      105.06458971       29.38319575        0.36589531
  4    6        4.14230440       72.02541056       26.01637123        0.36589531
  5    8        4.58831570       52.20190306       25.40422132        0.00707852
  6    7        4.24008530       86.56264939       16.83412256        0.18249841
  7    8        4.58831570       37.00388065       39.17759433        0.00707852
  8    6        4.23008660       87.22343297       43.15656875        0.37585195
  9    2        3.00569040      105.06458971       46.21731831        1.10494276
 10    3        2.98515040       46.25485082       32.75002026        0.91199504
 11    3        3.00402900       33.03917915       20.50702203        0.90056183
 12    3        2.82758590       95.81361955       16.52804761        0.91510903
 13    2        3.00569040       18.50194033       35.81076982        1.10494276
 14    3        2.82758590       18.50194033       14.69159787        0.91510903
 15    3        3.00402900       81.27638072       38.87151937        0.90056183
 16    3        2.82758590       98.45675388       44.99301849        0.91510903
 17    1        1.75000000       55.50582098       10.71262345        1.26847768
 18    7        4.49813300       21.80585824       27.24067106        0.18630240
 19    2        3.00569040       13.87645525        9.79439858        1.10494276
 20    7        4.23778750       61.45287323       40.70796911        0.17865857
 21    2        2.89589180       44.93328365       42.54441884        1.10750419
 22    7        4.92185880      103.74302255       12.24299823        0.19230703
 23    2        3.02835400        7.92940300       34.58646999        1.09970170
 24    3        3.00402900       68.06070906       36.11684477        0.90056183
 25    2        3.00569040       20.48429108       46.52339327        1.10494276
 26    4        3.21905940      103.08223896       21.11917194        0.73305648
 27    2        3.00569040        1.32156717       21.42524690        1.10494276
 28    9        4.41237850       35.02152990       29.07712079       -0.18676384
 29    4        3.06230590       15.85880599       42.54441884        0.72929952
 30    2        2.97661120       50.88033590       46.52339327        1.10750419
 31    7        4.78649100       41.62936574       22.34347177        0.18388096
 32    2        2.89589180       61.45287323       26.93459610        1.10750419
 33    7        4.23778750       25.77055974       17.44627247        0.17865857
 34    7        4.24008530       81.27638072       26.93459610        0.18249841
 35    3        3.00402900       56.16660456       33.36217017        0.90056183
 36    4        3.21905940       78.63324639       18.97664725        0.73305648
 37    2        3.00569040       27.75291049       42.54441884        1.10494276
 38    5        3.77486430       74.66854489       34.28039504        0.54175170
 39    4        3.09045000       53.52347023       17.75234743        0.73606268
 40    3        3.00402900       62.77444039       33.05609522        0.90056183
 41    3        2.82758590       23.12742541       10.71262345        0.91510903
 42    4        3.66841450       55.93509926        2.54299059        0.72210192
 43   81        9.02105710       39.13365455        5.44042564      -13.95633842
 44  186       10.76470365       76.09628531        2.27447907      -34.21276644
 45   12        5.01579170        8.09459889       16.65557884       -0.74987054
 46   18        5.86625470       94.54211175       30.51474558       -1.88406645
 47    1        1.75000000       13.21567166       27.24067106        1.27978542
 48    1        1.75000000       15.19802241       22.34347177        1.27704391
 49    9        4.41237850       61.81997522       17.82036409       -0.18676384

step =          83     # clusters =  50          # atoms 482 
 Ind    Pt               R               X               Y               E
  0    3        3.00402900       27.75291049       34.89254495        0.90056183
  1    2        2.89589180        7.92940300       40.70796911        1.10750419
  2    1        1.75000000       53.52347023       38.87151937        1.26547802
  3    6        4.14230440      105.06458971       29.38319575        0.36589531
  4    6        4.14230440       72.02541056       26.01637123        0.36589531
  5    8        4.58831570       52.20190306       25.40422132        0.00707852
  6    7        4.24008530       86.56264939       16.83412256        0.18249841
  7    8        4.58831570       37.00388065       39.17759433        0.00707852
  8    6        4.23008660       87.22343297       43.15656875        0.37585195
  9    2        3.00569040      105.06458971       46.21731831        1.10494276
 10    3        2.98515040       46.25485082       32.75002026        0.91199504
 11    3        3.00402900       33.03917915       20.50702203        0.90056183
 12    3        2.82758590       95.81361955       16.52804761        0.91510903
 13    2        3.00569040       18.50194033       35.81076982        1.10494276
 14    3        2.82758590       18.50194033       14.69159787        0.91510903
 15    3        3.00402900       81.27638072       38.87151937        0.90056183
 16    3        2.82758590       98.45675388       44.99301849        0.91510903
 17    1        1.75000000       55.50582098       10.71262345        1.26847768
 18    7        4.49813300       21.80585824       27.24067106        0.18630240
 19    2        3.00569040       13.87645525        9.79439858        1.10494276
 20    7        4.23778750       61.45287323       40.70796911        0.17865857
 21    2        2.89589180       44.93328365       42.54441884        1.10750419
 22    7        4.92185880      103.74302255       12.24299823        0.19230703
 23    2        3.02835400        7.92940300       34.58646999        1.09970170
 24    3        3.00402900       68.06070906       36.11684477        0.90056183
 25    2        3.00569040       20.48429108       46.52339327        1.10494276
 26    4        3.21905940      103.08223896       21.11917194        0.73305648
 27    2        3.00569040        1.32156717       21.42524690        1.10494276
 28    9        4.41237850       35.02152990       29.07712079       -0.18676384
 29    4        3.06230590       15.85880599       42.54441884        0.72929952
 30    2        2.97661120       50.88033590       46.52339327        1.10750419
 31    7        4.78649100       41.62936574       22.34347177        0.18388096
 32    2        2.89589180       61.45287323       26.93459610        1.10750419
 33    7        4.23778750       25.77055974       17.44627247        0.17865857
 34    7        4.24008530       81.27638072       26.93459610        0.18249841
 35    3        3.00402900       56.16660456       33.36217017        0.90056183
 36    4        3.21905940       78.63324639       18.97664725        0.73305648
 37    2        3.00569040       27.75291049       42.54441884        1.10494276
 38    5        3.77486430       74.66854489       34.28039504        0.54175170
 39    4        3.09045000       53.52347023       17.75234743        0.73606268
 40    3        3.00402900       62.77444039       33.05609522        0.90056183
 41    3        2.82758590       23.12742541       10.71262345        0.91510903
 42    4        3.66841450       55.93509926        2.54299059        0.72210192
 43   81        9.02105710       39.13365455        5.44042564      -13.95633842
 44  186       10.76470365       76.09628531        2.27447907      -34.21276644
 45   12        5.01579170        8.09459889       16.65557884       -0.74987054
 46   18        5.86625470       94.54211175       30.51474558       -1.88406645
 47    1        1.75000000       13.21567166       27.24067106        1.27978542
 48    1        1.75000000       15.19802241       22.34347177        1.27704391
 49    9        4.41237850       61.81997522       17.82036409       -0.18676384

step =          84     # clusters =  49          # atoms 482 
 Ind    Pt               R               X               Y               E
  0    3        3.00402900       27.75291049       34.89254495        0.90056183
  1    2        2.89589180        7.92940300       40.70796911        1.10750419
  2    1        1.75000000       53.52347023       38.87151937        1.26547802
  3    6        4.14230440      105.06458971       29.38319575        0.36589531
  4    6        4.14230440       72.02541056       26.01637123        0.36589531
  5    8        4.58831570       52.20190306       25.40422132        0.00707852
  6    7        4.24008530       86.56264939       16.83412256        0.18249841
  7    8        4.58831570       37.00388065       39.17759433        0.00707852
  8    6        4.23008660       87.22343297       43.15656875        0.37585195
  9    2        3.00569040      105.06458971       46.21731831        1.10494276
 10    3        2.98515040       46.25485082       32.75002026        0.91199504
 11    3        3.00402900       33.03917915       20.50702203        0.90056183
 12    3        2.82758590       95.81361955       16.52804761        0.91510903
 13    2        3.00569040       18.50194033       35.81076982        1.10494276
 14    3        2.82758590       18.50194033       14.69159787        0.91510903
 15    3        3.00402900       81.27638072       38.87151937        0.90056183
 16    3        2.82758590       98.45675388       44.99301849        0.91510903
 17    1        1.75000000       55.50582098       10.71262345        1.26847768
 18    7        4.49813300       21.80585824       27.24067106        0.18630240
 19    2        3.00569040       13.87645525        9.79439858        1.10494276
 20    7        4.23778750       61.45287323       40.70796911        0.17865857
 21    2        2.89589180       44.93328365       42.54441884        1.10750419
 22    7        4.92185880      103.74302255       12.24299823        0.19230703
 23    2        3.02835400        7.92940300       34.58646999        1.09970170
 24    2        3.00569040       20.48429108       46.52339327        1.10494276
 25    4        3.21905940      103.08223896       21.11917194        0.73305648
 26    2        3.00569040        1.32156717       21.42524690        1.10494276
 27    9        4.41237850       35.02152990       29.07712079       -0.18676384
 28    4        3.06230590       15.85880599       42.54441884        0.72929952
 29    2        2.97661120       50.88033590       46.52339327        1.10750419
 30    7        4.78649100       41.62936574       22.34347177        0.18388096
 31    2        2.89589180       61.45287323       26.93459610        1.10750419
 32    7        4.23778750       25.77055974       17.44627247        0.17865857
 33    7        4.24008530       81.27638072       26.93459610        0.18249841
 34    3        3.00402900       56.16660456       33.36217017        0.90056183
 35    4        3.21905940       78.63324639       18.97664725        0.73305648
 36    2        3.00569040       27.75291049       42.54441884        1.10494276
 37    4        3.09045000       53.52347023       17.75234743        0.73606268
 38    3        3.00402900       62.77444039       33.05609522        0.90056183
 39    3        2.82758590       23.12742541       10.71262345        0.91510903
 40    4        3.66841450       55.93509926        2.54299059        0.72210192
 41   81        9.02105710       39.13365455        5.44042564      -13.95633842
 42  186       10.76470365       76.09628531        2.27447907      -34.21276644
 43   12        5.01579170        8.09459889       16.65557884       -0.74987054
 44   18        5.86625470       94.54211175       30.51474558       -1.88406645
 45    1        1.75000000       13.21567166       27.24067106        1.27978542
 46    1        1.75000000       15.19802241       22.34347177        1.27704391
 47    9        4.41237850       61.81997522       17.82036409       -0.18676384
 48    8        4.62297070       71.36462697       35.19861991        0.00000000

step =          85     # clusters =  49          # atoms 482 
 Ind    Pt               R               X               Y               E
  0    3        3.00402900       27.75291049       34.89254495        0.90056183
  1    2        2.89589180        7.92940300       40.70796911        1.10750419
  2    1        1.75000000       53.52347023       38.87151937        1.26547802
  3    6        4.14230440      105.06458971       29.38319575        0.36589531
  4    6        4.14230440       72.02541056       26.01637123        0.36589531
  5    8        4.58831570       52.20190306       25.40422132        0.00707852
  6    7        4.24008530       86.56264939       16.83412256        0.18249841
  7    8        4.58831570       37.00388065       39.17759433        0.00707852
  8    6        4.23008660       87.22343297       43.15656875        0.37585195
  9    2        3.00569040      105.06458971       46.21731831        1.10494276
 10    3        2.98515040       46.25485082       32.75002026        0.91199504
 11    3        3.00402900       33.03917915       20.50702203        0.90056183
 12    3        2.82758590       95.81361955       16.52804761        0.91510903
 13    2        3.00569040       18.50194033       35.81076982        1.10494276
 14    3        2.82758590       18.50194033       14.69159787        0.91510903
 15    3        3.00402900       81.27638072       38.87151937        0.90056183
 16    3        2.82758590       98.45675388       44.99301849        0.91510903
 17    1        1.75000000       55.50582098       10.71262345        1.26847768
 18    7        4.49813300       21.80585824       27.24067106        0.18630240
 19    2        3.00569040       13.87645525        9.79439858        1.10494276
 20    7        4.23778750       61.45287323       40.70796911        0.17865857
 21    2        2.89589180       44.93328365       42.54441884        1.10750419
 22    7        4.92185880      103.74302255       12.24299823        0.19230703
 23    2        3.02835400        7.92940300       34.58646999        1.09970170
 24    2        3.00569040       20.48429108       46.52339327        1.10494276
 25    4        3.21905940      103.08223896       21.11917194        0.73305648
 26    2        3.00569040        1.32156717       21.42524690        1.10494276
 27    9        4.41237850       35.02152990       29.07712079       -0.18676384
 28    4        3.06230590       15.85880599       42.54441884        0.72929952
 29    2        2.97661120       50.88033590       46.52339327        1.10750419
 30    7        4.78649100       41.62936574       22.34347177        0.18388096
 31    2        2.89589180       61.45287323       26.93459610        1.10750419
 32    7        4.23778750       25.77055974       17.44627247        0.17865857
 33    7        4.24008530       81.27638072       26.93459610        0.18249841
 34    3        3.00402900       56.16660456       33.36217017        0.90056183
 35    4        3.21905940       78.63324639       18.97664725        0.73305648
 36    2        3.00569040       27.75291049       42.54441884        1.10494276
 37    4        3.09045000       53.52347023       17.75234743        0.73606268
 38    3        3.00402900       62.77444039       33.05609522        0.90056183
 39    3        2.82758590       23.12742541       10.71262345        0.91510903
 40    4        3.66841450       55.93509926        2.54299059        0.72210192
 41   81        9.02105710       39.13365455        5.44042564      -13.95633842
 42  186       10.76470365       76.09628531        2.27447907      -34.21276644
 43   12        5.01579170        8.09459889       16.65557884       -0.74987054
 44   18        5.86625470       94.54211175       30.51474558       -1.88406645
 45    1        1.75000000       13.21567166       27.24067106        1.27978542
 46    1        1.75000000       15.19802241       22.34347177        1.27704391
 47    9        4.41237850       61.81997522       17.82036409       -0.18676384
 48    8        4.62297070       71.36462697       35.19861991        0.00000000

step =          86     # clusters =  49          # atoms 482 
 Ind    Pt               R               X               Y               E
  0    3        3.00402900       27.75291049       34.89254495        0.90056183
  1    2        2.89589180        7.92940300       40.70796911        1.10750419
  2    1        1.75000000       53.52347023       38.87151937        1.26547802
  3    6        4.14230440      105.06458971       29.38319575        0.36589531
  4    6        4.14230440       72.02541056       26.01637123        0.36589531
  5    8        4.58831570       52.20190306       25.40422132        0.00707852
  6    7        4.24008530       86.56264939       16.83412256        0.18249841
  7    8        4.58831570       37.00388065       39.17759433        0.00707852
  8    6        4.23008660       87.22343297       43.15656875        0.37585195
  9    2        3.00569040      105.06458971       46.21731831        1.10494276
 10    3        2.98515040       46.25485082       32.75002026        0.91199504
 11    3        3.00402900       33.03917915       20.50702203        0.90056183
 12    3        2.82758590       95.81361955       16.52804761        0.91510903
 13    2        3.00569040       18.50194033       35.81076982        1.10494276
 14    3        2.82758590       18.50194033       14.69159787        0.91510903
 15    3        3.00402900       81.27638072       38.87151937        0.90056183
 16    3        2.82758590       98.45675388       44.99301849        0.91510903
 17    1        1.75000000       55.50582098       10.71262345        1.26847768
 18    7        4.49813300       21.80585824       27.24067106        0.18630240
 19    2        3.00569040       13.87645525        9.79439858        1.10494276
 20    7        4.23778750       61.45287323       40.70796911        0.17865857
 21    2        2.89589180       44.93328365       42.54441884        1.10750419
 22    7        4.92185880      103.74302255       12.24299823        0.19230703
 23    2        3.02835400        7.92940300       34.58646999        1.09970170
 24    2        3.00569040       20.48429108       46.52339327        1.10494276
 25    4        3.21905940      103.08223896       21.11917194        0.73305648
 26    2        3.00569040        1.32156717       21.42524690        1.10494276
 27    9        4.41237850       35.02152990       29.07712079       -0.18676384
 28    4        3.06230590       15.85880599       42.54441884        0.72929952
 29    2        2.97661120       50.88033590       46.52339327        1.10750419
 30    7        4.78649100       41.62936574       22.34347177        0.18388096
 31    2        2.89589180       61.45287323       26.93459610        1.10750419
 32    7        4.23778750       25.77055974       17.44627247        0.17865857
 33    7        4.24008530       81.27638072       26.93459610        0.18249841
 34    3        3.00402900       56.16660456       33.36217017        0.90056183
 35    4        3.21905940       78.63324639       18.97664725        0.73305648
 36    2        3.00569040       27.75291049       42.54441884        1.10494276
 37    4        3.09045000       53.52347023       17.75234743        0.73606268
 38    3        3.00402900       62.77444039       33.05609522        0.90056183
 39    3        2.82758590       23.12742541       10.71262345        0.91510903
 40    4        3.66841450       55.93509926        2.54299059        0.72210192
 41   81        9.02105710       39.13365455        5.44042564      -13.95633842
 42  186       10.76470365       76.09628531        2.27447907      -34.21276644
 43   12        5.01579170        8.09459889       16.65557884       -0.74987054
 44   18        5.86625470       94.54211175       30.51474558       -1.88406645
 45    1        1.75000000       13.21567166       27.24067106        1.27978542
 46    1        1.75000000       15.19802241       22.34347177        1.27704391
 47    9        4.41237850       61.81997522       17.82036409       -0.18676384
 48    8        4.62297070       71.36462697       35.19861991        0.00000000

step =          87     # clusters =  49          # atoms 482 
 Ind    Pt               R               X               Y               E
  0    3        3.00402900       27.75291049       34.89254495        0.90056183
  1    2        2.89589180        7.92940300       40.70796911        1.10750419
  2    1        1.75000000       53.52347023       38.87151937        1.26547802
  3    6        4.14230440      105.06458971       29.38319575        0.36589531
  4    6        4.14230440       72.02541056       26.01637123        0.36589531
  5    8        4.58831570       52.20190306       25.40422132        0.00707852
  6    7        4.24008530       86.56264939       16.83412256        0.18249841
  7    8        4.58831570       37.00388065       39.17759433        0.00707852
  8    6        4.23008660       87.22343297       43.15656875        0.37585195
  9    2        3.00569040      105.06458971       46.21731831        1.10494276
 10    3        2.98515040       46.25485082       32.75002026        0.91199504
 11    3        3.00402900       33.03917915       20.50702203        0.90056183
 12    3        2.82758590       95.81361955       16.52804761        0.91510903
 13    2        3.00569040       18.50194033       35.81076982        1.10494276
 14    3        2.82758590       18.50194033       14.69159787        0.91510903
 15    3        3.00402900       81.27638072       38.87151937        0.90056183
 16    3        2.82758590       98.45675388       44.99301849        0.91510903
 17    1        1.75000000       55.50582098       10.71262345        1.26847768
 18    7        4.49813300       21.80585824       27.24067106        0.18630240
 19    2        3.00569040       13.87645525        9.79439858        1.10494276
 20    7        4.23778750       61.45287323       40.70796911        0.17865857
 21    2        2.89589180       44.93328365       42.54441884        1.10750419
 22    7        4.92185880      103.74302255       12.24299823        0.19230703
 23    2        3.02835400        7.92940300       34.58646999        1.09970170
 24    2        3.00569040       20.48429108       46.52339327        1.10494276
 25    4        3.21905940      103.08223896       21.11917194        0.73305648
 26    2        3.00569040        1.32156717       21.42524690        1.10494276
 27    9        4.41237850       35.02152990       29.07712079       -0.18676384
 28    4        3.06230590       15.85880599       42.54441884        0.72929952
 29    2        2.97661120       50.88033590       46.52339327        1.10750419
 30    7        4.78649100       41.62936574       22.34347177        0.18388096
 31    2        2.89589180       61.45287323       26.93459610        1.10750419
 32    7        4.23778750       25.77055974       17.44627247        0.17865857
 33    7        4.24008530       81.27638072       26.93459610        0.18249841
 34    3        3.00402900       56.16660456       33.36217017        0.90056183
 35    4        3.21905940       78.63324639       18.97664725        0.73305648
 36    2        3.00569040       27.75291049       42.54441884        1.10494276
 37    4        3.09045000       53.52347023       17.75234743        0.73606268
 38    3        3.00402900       62.77444039       33.05609522        0.90056183
 39    3        2.82758590       23.12742541       10.71262345        0.91510903
 40    4        3.66841450       55.93509926        2.54299059        0.72210192
 41   81        9.02105710       39.13365455        5.44042564      -13.95633842
 42  186       10.76470365       76.09628531        2.27447907      -34.21276644
 43   12        5.01579170        8.09459889       16.65557884       -0.74987054
 44   18        5.86625470       94.54211175       30.51474558       -1.88406645
 45    1        1.75000000       13.21567166       27.24067106        1.27978542
 46    1        1.75000000       15.19802241       22.34347177        1.27704391
 47    9        4.41237850       61.81997522       17.82036409       -0.18676384
 48    8        4.62297070       71.36462697       35.19861991        0.00000000

step =          88     # clusters =  49          # atoms 482 
 Ind    Pt               R               X               Y               E
  0    3        3.00402900       27.75291049       34.89254495        0.90056183
  1    2        2.89589180        7.92940300       40.70796911        1.10750419
  2    1        1.75000000       53.52347023       38.87151937        1.26547802
  3    6        4.14230440      105.06458971       29.38319575        0.36589531
  4    6        4.14230440       72.02541056       26.01637123        0.36589531
  5    8        4.58831570       52.20190306       25.40422132        0.00707852
  6    7        4.24008530       86.56264939       16.83412256        0.18249841
  7    8        4.58831570       37.00388065       39.17759433        0.00707852
  8    6        4.23008660       87.22343297       43.15656875        0.37585195
  9    2        3.00569040      105.06458971       46.21731831        1.10494276
 10    3        2.98515040       46.25485082       32.75002026        0.91199504
 11    3        3.00402900       33.03917915       20.50702203        0.90056183
 12    3        2.82758590       95.81361955       16.52804761        0.91510903
 13    2        3.00569040       18.50194033       35.81076982        1.10494276
 14    3        2.82758590       18.50194033       14.69159787        0.91510903
 15    3        3.00402900       81.27638072       38.87151937        0.90056183
 16    3        2.82758590       98.45675388       44.99301849        0.91510903
 17    1        1.75000000       55.50582098       10.71262345        1.26847768
 18    7        4.49813300       21.80585824       27.24067106        0.18630240
 19    2        3.00569040       13.87645525        9.79439858        1.10494276
 20    7        4.23778750       61.45287323       40.70796911        0.17865857
 21    2        2.89589180       44.93328365       42.54441884        1.10750419
 22    7        4.92185880      103.74302255       12.24299823        0.19230703
 23    2        3.02835400        7.92940300       34.58646999        1.09970170
 24    2        3.00569040       20.48429108       46.52339327        1.10494276
 25    4        3.21905940      103.08223896       21.11917194        0.73305648
 26    2        3.00569040        1.32156717       21.42524690        1.10494276
 27    9        4.41237850       35.02152990       29.07712079       -0.18676384
 28    4        3.06230590       15.85880599       42.54441884        0.72929952
 29    2        2.97661120       50.88033590       46.52339327        1.10750419
 30    7        4.78649100       41.62936574       22.34347177        0.18388096
 31    2        2.89589180       61.45287323       26.93459610        1.10750419
 32    7        4.23778750       25.77055974       17.44627247        0.17865857
 33    7        4.24008530       81.27638072       26.93459610        0.18249841
 34    3        3.00402900       56.16660456       33.36217017        0.90056183
 35    4        3.21905940       78.63324639       18.97664725        0.73305648
 36    2        3.00569040       27.75291049       42.54441884        1.10494276
 37    4        3.09045000       53.52347023       17.75234743        0.73606268
 38    3        3.00402900       62.77444039       33.05609522        0.90056183
 39    3        2.82758590       23.12742541       10.71262345        0.91510903
 40    4        3.66841450       55.93509926        2.54299059        0.72210192
 41   81        9.02105710       39.13365455        5.44042564      -13.95633842
 42  186       10.76470365       76.09628531        2.27447907      -34.21276644
 43   12        5.01579170        8.09459889       16.65557884       -0.74987054
 44   18        5.86625470       94.54211175       30.51474558       -1.88406645
 45    1        1.75000000       13.21567166       27.24067106        1.27978542
 46    1        1.75000000       15.19802241       22.34347177        1.27704391
 47    9        4.41237850       61.81997522       17.82036409       -0.18676384
 48    8        4.62297070       71.36462697       35.19861991        0.00000000

step =          89     # clusters =  49          # atoms 482 
 Ind    Pt               R               X               Y               E
  0    3        3.00402900       27.75291049       34.89254495        0.90056183
  1    2        2.89589180        7.92940300       40.70796911        1.10750419
  2    1        1.75000000       53.52347023       38.87151937        1.26547802
  3    6        4.14230440      105.06458971       29.38319575        0.36589531
  4    6        4.14230440       72.02541056       26.01637123        0.36589531
  5    8        4.58831570       52.20190306       25.40422132        0.00707852
  6    7        4.24008530       86.56264939       16.83412256        0.18249841
  7    8        4.58831570       37.00388065       39.17759433        0.00707852
  8    6        4.23008660       87.22343297       43.15656875        0.37585195
  9    2        3.00569040      105.06458971       46.21731831        1.10494276
 10    3        2.98515040       46.25485082       32.75002026        0.91199504
 11    3        3.00402900       33.03917915       20.50702203        0.90056183
 12    3        2.82758590       95.81361955       16.52804761        0.91510903
 13    2        3.00569040       18.50194033       35.81076982        1.10494276
 14    3        2.82758590       18.50194033       14.69159787        0.91510903
 15    3        3.00402900       81.27638072       38.87151937        0.90056183
 16    3        2.82758590       98.45675388       44.99301849        0.91510903
 17    1        1.75000000       55.50582098       10.71262345        1.26847768
 18    7        4.49813300       21.80585824       27.24067106        0.18630240
 19    2        3.00569040       13.87645525        9.79439858        1.10494276
 20    7        4.23778750       61.45287323       40.70796911        0.17865857
 21    2        2.89589180       44.93328365       42.54441884        1.10750419
 22    7        4.92185880      103.74302255       12.24299823        0.19230703
 23    2        3.02835400        7.92940300       34.58646999        1.09970170
 24    3        3.00402900       20.48429108       46.52339327        0.90056183
 25    4        3.21905940      103.08223896       21.11917194        0.73305648
 26    2        3.00569040        1.32156717       21.42524690        1.10494276
 27    9        4.41237850       35.02152990       29.07712079       -0.18676384
 28    3        3.00402900       15.85880599       42.54441884        0.90056183
 29    2        2.97661120       50.88033590       46.52339327        1.10750419
 30    7        4.78649100       41.62936574       22.34347177        0.18388096
 31    2        2.89589180       61.45287323       26.93459610        1.10750419
 32    7        4.23778750       25.77055974       17.44627247        0.17865857
 33    7        4.24008530       81.27638072       26.93459610        0.18249841
 34    3        3.00402900       56.16660456       33.36217017        0.90056183
 35    4        3.21905940       78.63324639       18.97664725        0.73305648
 36    2        3.00569040       27.75291049       42.54441884        1.10494276
 37    4        3.09045000       53.52347023       17.75234743        0.73606268
 38    3        3.00402900       62.77444039       33.05609522        0.90056183
 39    3        2.82758590       23.12742541       10.71262345        0.91510903
 40    4        3.66841450       55.93509926        2.54299059        0.72210192
 41   81        9.02105710       39.13365455        5.44042564      -13.95633842
 42  186       10.76470365       76.09628531        2.27447907      -34.21276644
 43   12        5.01579170        8.09459889       16.65557884       -0.74987054
 44   18        5.86625470       94.54211175       30.51474558       -1.88406645
 45    1        1.75000000       13.21567166       27.24067106        1.27978542
 46    1        1.75000000       15.19802241       22.34347177        1.27704391
 47    9        4.41237850       61.81997522       17.82036409       -0.18676384
 48    8        4.62297070       71.36462697       35.19861991        0.00000000

step =          90     # clusters =  49          # atoms 482 
 Ind    Pt               R               X               Y               E
  0    3        3.00402900       27.75291049       34.89254495        0.90056183
  1    2        2.89589180        7.92940300       40.70796911        1.10750419
  2    1        1.75000000       53.52347023       38.87151937        1.26547802
  3    6        4.14230440      105.06458971       29.38319575        0.36589531
  4    6        4.14230440       72.02541056       26.01637123        0.36589531
  5    8        4.58831570       52.20190306       25.40422132        0.00707852
  6    7        4.24008530       86.56264939       16.83412256        0.18249841
  7    8        4.58831570       37.00388065       39.17759433        0.00707852
  8    6        4.23008660       87.22343297       43.15656875        0.37585195
  9    2        3.00569040      105.06458971       46.21731831        1.10494276
 10    3        2.98515040       46.25485082       32.75002026        0.91199504
 11    3        3.00402900       33.03917915       20.50702203        0.90056183
 12    3        2.82758590       95.81361955       16.52804761        0.91510903
 13    2        3.00569040       18.50194033       35.81076982        1.10494276
 14    3        2.82758590       18.50194033       14.69159787        0.91510903
 15    3        3.00402900       81.27638072       38.87151937        0.90056183
 16    3        2.82758590       98.45675388       44.99301849        0.91510903
 17    1        1.75000000       55.50582098       10.71262345        1.26847768
 18    7        4.49813300       21.80585824       27.24067106        0.18630240
 19    2        3.00569040       13.87645525        9.79439858        1.10494276
 20    7        4.23778750       61.45287323       40.70796911        0.17865857
 21    2        2.89589180       44.93328365       42.54441884        1.10750419
 22    7        4.92185880      103.74302255       12.24299823        0.19230703
 23    2        3.02835400        7.92940300       34.58646999        1.09970170
 24    3        3.00402900       20.48429108       46.52339327        0.90056183
 25    4        3.21905940      103.08223896       21.11917194        0.73305648
 26    2        3.00569040        1.32156717       21.42524690        1.10494276
 27    9        4.41237850       35.02152990       29.07712079       -0.18676384
 28    3        3.00402900       15.85880599       42.54441884        0.90056183
 29    2        2.97661120       50.88033590       46.52339327        1.10750419
 30    7        4.78649100       41.62936574       22.34347177        0.18388096
 31    2        2.89589180       61.45287323       26.93459610        1.10750419
 32    7        4.23778750       25.77055974       17.44627247        0.17865857
 33    7        4.24008530       81.27638072       26.93459610        0.18249841
 34    3        3.00402900       56.16660456       33.36217017        0.90056183
 35    4        3.21905940       78.63324639       18.97664725        0.73305648
 36    2        3.00569040       27.75291049       42.54441884        1.10494276
 37    4        3.09045000       53.52347023       17.75234743        0.73606268
 38    3        3.00402900       62.77444039       33.05609522        0.90056183
 39    3        2.82758590       23.12742541       10.71262345        0.91510903
 40    4        3.66841450       55.93509926        2.54299059        0.72210192
 41   81        9.02105710       39.13365455        5.44042564      -13.95633842
 42  186       10.76470365       76.09628531        2.27447907      -34.21276644
 43   12        5.01579170        8.09459889       16.65557884       -0.74987054
 44   18        5.86625470       94.54211175       30.51474558       -1.88406645
 45    1        1.75000000       13.21567166       27.24067106        1.27978542
 46    1        1.75000000       15.19802241       22.34347177        1.27704391
 47    9        4.41237850       61.81997522       17.82036409       -0.18676384
 48    8        4.62297070       71.36462697       35.19861991        0.00000000

step =          91     # clusters =  49          # atoms 482 
 Ind    Pt               R               X               Y               E
  0    3        3.00402900       27.75291049       34.89254495        0.90056183
  1    2        2.89589180        7.92940300       40.70796911        1.10750419
  2    1        1.75000000       53.52347023       38.87151937        1.26547802
  3    6        4.14230440      105.06458971       29.38319575        0.36589531
  4    6        4.14230440       72.02541056       26.01637123        0.36589531
  5    8        4.58831570       52.20190306       25.40422132        0.00707852
  6    7        4.24008530       86.56264939       16.83412256        0.18249841
  7    8        4.58831570       37.00388065       39.17759433        0.00707852
  8    6        4.23008660       87.22343297       43.15656875        0.37585195
  9    2        3.00569040      105.06458971       46.21731831        1.10494276
 10    3        2.98515040       46.25485082       32.75002026        0.91199504
 11    3        3.00402900       33.03917915       20.50702203        0.90056183
 12    3        2.82758590       95.81361955       16.52804761        0.91510903
 13    2        3.00569040       18.50194033       35.81076982        1.10494276
 14    3        2.82758590       18.50194033       14.69159787        0.91510903
 15    3        3.00402900       81.27638072       38.87151937        0.90056183
 16    3        2.82758590       98.45675388       44.99301849        0.91510903
 17    1        1.75000000       55.50582098       10.71262345        1.26847768
 18    7        4.49813300       21.80585824       27.24067106        0.18630240
 19    2        3.00569040       13.87645525        9.79439858        1.10494276
 20    7        4.23778750       61.45287323       40.70796911        0.17865857
 21    2        2.89589180       44.93328365       42.54441884        1.10750419
 22    7        4.92185880      103.74302255       12.24299823        0.19230703
 23    2        3.02835400        7.92940300       34.58646999        1.09970170
 24    3        3.00402900       20.48429108       46.52339327        0.90056183
 25    4        3.21905940      103.08223896       21.11917194        0.73305648
 26    2        3.00569040        1.32156717       21.42524690        1.10494276
 27    9        4.41237850       35.02152990       29.07712079       -0.18676384
 28    3        3.00402900       15.85880599       42.54441884        0.90056183
 29    2        2.97661120       50.88033590       46.52339327        1.10750419
 30    7        4.78649100       41.62936574       22.34347177        0.18388096
 31    2        2.89589180       61.45287323       26.93459610        1.10750419
 32    7        4.23778750       25.77055974       17.44627247        0.17865857
 33    7        4.24008530       81.27638072       26.93459610        0.18249841
 34    3        3.00402900       56.16660456       33.36217017        0.90056183
 35    4        3.21905940       78.63324639       18.97664725        0.73305648
 36    2        3.00569040       27.75291049       42.54441884        1.10494276
 37    4        3.09045000       53.52347023       17.75234743        0.73606268
 38    3        3.00402900       62.77444039       33.05609522        0.90056183
 39    3        2.82758590       23.12742541       10.71262345        0.91510903
 40    4        3.66841450       55.93509926        2.54299059        0.72210192
 41   81        9.02105710       39.13365455        5.44042564      -13.95633842
 42  186       10.76470365       76.09628531        2.27447907      -34.21276644
 43   12        5.01579170        8.09459889       16.65557884       -0.74987054
 44   18        5.86625470       94.54211175       30.51474558       -1.88406645
 45    1        1.75000000       13.21567166       27.24067106        1.27978542
 46    1        1.75000000       15.19802241       22.34347177        1.27704391
 47    9        4.41237850       61.81997522       17.82036409       -0.18676384
 48    8        4.62297070       71.36462697       35.19861991        0.00000000

step =          92     # clusters =  49          # atoms 482 
 Ind    Pt               R               X               Y               E
  0    3        3.00402900       27.75291049       34.89254495        0.90056183
  1    2        2.89589180        7.92940300       40.70796911        1.10750419
  2    1        1.75000000       53.52347023       38.87151937        1.26547802
  3    6        4.14230440      105.06458971       29.38319575        0.36589531
  4    6        4.14230440       72.02541056       26.01637123        0.36589531
  5    8        4.58831570       52.20190306       25.40422132        0.00707852
  6    7        4.24008530       86.56264939       16.83412256        0.18249841
  7    8        4.58831570       37.00388065       39.17759433        0.00707852
  8    6        4.23008660       87.22343297       43.15656875        0.37585195
  9    2        3.00569040      105.06458971       46.21731831        1.10494276
 10    3        2.98515040       46.25485082       32.75002026        0.91199504
 11    3        3.00402900       33.03917915       20.50702203        0.90056183
 12    3        2.82758590       95.81361955       16.52804761        0.91510903
 13    2        3.00569040       18.50194033       35.81076982        1.10494276
 14    3        2.82758590       18.50194033       14.69159787        0.91510903
 15    3        3.00402900       81.27638072       38.87151937        0.90056183
 16    3        2.82758590       98.45675388       44.99301849        0.91510903
 17    1        1.75000000       55.50582098       10.71262345        1.26847768
 18    7        4.49813300       21.80585824       27.24067106        0.18630240
 19    2        3.00569040       13.87645525        9.79439858        1.10494276
 20    7        4.23778750       61.45287323       40.70796911        0.17865857
 21    2        2.89589180       44.93328365       42.54441884        1.10750419
 22    7        4.92185880      103.74302255       12.24299823        0.19230703
 23    2        3.02835400        7.92940300       34.58646999        1.09970170
 24    3        3.00402900       20.48429108       46.52339327        0.90056183
 25    4        3.21905940      103.08223896       21.11917194        0.73305648
 26    2        3.00569040        1.32156717       21.42524690        1.10494276
 27    9        4.41237850       35.02152990       29.07712079       -0.18676384
 28    3        3.00402900       15.85880599       42.54441884        0.90056183
 29    2        2.97661120       50.88033590       46.52339327        1.10750419
 30    7        4.78649100       41.62936574       22.34347177        0.18388096
 31    2        2.89589180       61.45287323       26.93459610        1.10750419
 32    7        4.23778750       25.77055974       17.44627247        0.17865857
 33    7        4.24008530       81.27638072       26.93459610        0.18249841
 34    3        3.00402900       56.16660456       33.36217017        0.90056183
 35    4        3.21905940       78.63324639       18.97664725        0.73305648
 36    2        3.00569040       27.75291049       42.54441884        1.10494276
 37    4        3.09045000       53.52347023       17.75234743        0.73606268
 38    3        3.00402900       62.77444039       33.05609522        0.90056183
 39    3        2.82758590       23.12742541       10.71262345        0.91510903
 40    4        3.66841450       55.93509926        2.54299059        0.72210192
 41   81        9.02105710       39.13365455        5.44042564      -13.95633842
 42  186       10.76470365       76.09628531        2.27447907      -34.21276644
 43   12        5.01579170        8.09459889       16.65557884       -0.74987054
 44   18        5.86625470       94.54211175       30.51474558       -1.88406645
 45    1        1.75000000       13.21567166       27.24067106        1.27978542
 46    1        1.75000000       15.19802241       22.34347177        1.27704391
 47    9        4.41237850       61.81997522       17.82036409       -0.18676384
 48    8        4.62297070       71.36462697       35.19861991        0.00000000

step =          93     # clusters =  49          # atoms 482 
 Ind    Pt               R               X               Y               E
  0    3        3.00402900       27.75291049       34.89254495        0.90056183
  1    2        2.89589180        7.92940300       40.70796911        1.10750419
  2    1        1.75000000       53.52347023       38.87151937        1.26547802
  3    6        4.14230440      105.06458971       29.38319575        0.36589531
  4    6        4.14230440       72.02541056       26.01637123        0.36589531
  5    8        4.58831570       52.20190306       25.40422132        0.00707852
  6    7        4.24008530       86.56264939       16.83412256        0.18249841
  7    8        4.58831570       37.00388065       39.17759433        0.00707852
  8    6        4.23008660       87.22343297       43.15656875        0.37585195
  9    2        3.00569040      105.06458971       46.21731831        1.10494276
 10    3        2.98515040       46.25485082       32.75002026        0.91199504
 11    3        3.00402900       33.03917915       20.50702203        0.90056183
 12    3        2.82758590       95.81361955       16.52804761        0.91510903
 13    2        3.00569040       18.50194033       35.81076982        1.10494276
 14    3        2.82758590       18.50194033       14.69159787        0.91510903
 15    3        3.00402900       81.27638072       38.87151937        0.90056183
 16    3        2.82758590       98.45675388       44.99301849        0.91510903
 17    1        1.75000000       55.50582098       10.71262345        1.26847768
 18    7        4.49813300       21.80585824       27.24067106        0.18630240
 19    2        3.00569040       13.87645525        9.79439858        1.10494276
 20    7        4.23778750       61.45287323       40.70796911        0.17865857
 21    2        2.89589180       44.93328365       42.54441884        1.10750419
 22    7        4.92185880      103.74302255       12.24299823        0.19230703
 23    2        3.02835400        7.92940300       34.58646999        1.09970170
 24    3        3.00402900       20.48429108       46.52339327        0.90056183
 25    4        3.21905940      103.08223896       21.11917194        0.73305648
 26    2        3.00569040        1.32156717       21.42524690        1.10494276
 27    9        4.41237850       35.02152990       29.07712079       -0.18676384
 28    3        3.00402900       15.85880599       42.54441884        0.90056183
 29    2        2.97661120       50.88033590       46.52339327        1.10750419
 30    7        4.78649100       41.62936574       22.34347177        0.18388096
 31    2        2.89589180       61.45287323       26.93459610        1.10750419
 32    7        4.23778750       25.77055974       17.44627247        0.17865857
 33    7        4.24008530       81.27638072       26.93459610        0.18249841
 34    3        3.00402900       56.16660456       33.36217017        0.90056183
 35    4        3.21905940       78.63324639       18.97664725        0.73305648
 36    2        3.00569040       27.75291049       42.54441884        1.10494276
 37    4        3.09045000       53.52347023       17.75234743        0.73606268
 38    3        3.00402900       62.77444039       33.05609522        0.90056183
 39    3        2.82758590       23.12742541       10.71262345        0.91510903
 40    4        3.66841450       55.93509926        2.54299059        0.72210192
 41   81        9.02105710       39.13365455        5.44042564      -13.95633842
 42  186       10.76470365       76.09628531        2.27447907      -34.21276644
 43   12        5.01579170        8.09459889       16.65557884       -0.74987054
 44   18        5.86625470       94.54211175       30.51474558       -1.88406645
 45    1        1.75000000       13.21567166       27.24067106        1.27978542
 46    1        1.75000000       15.19802241       22.34347177        1.27704391
 47    9        4.41237850       61.81997522       17.82036409       -0.18676384
 48    8        4.62297070       71.36462697       35.19861991        0.00000000

step =          94     # clusters =  49          # atoms 482 
 Ind    Pt               R               X               Y               E
  0    3        3.00402900       27.75291049       34.89254495        0.90056183
  1    2        2.89589180        7.92940300       40.70796911        1.10750419
  2    1        1.75000000       53.52347023       38.87151937        1.26547802
  3    6        4.14230440      105.06458971       29.38319575        0.36589531
  4    6        4.14230440       72.02541056       26.01637123        0.36589531
  5    8        4.58831570       52.20190306       25.40422132        0.00707852
  6    7        4.24008530       86.56264939       16.83412256        0.18249841
  7    8        4.58831570       37.00388065       39.17759433        0.00707852
  8    6        4.23008660       87.22343297       43.15656875        0.37585195
  9    2        3.00569040      105.06458971       46.21731831        1.10494276
 10    3        2.98515040       46.25485082       32.75002026        0.91199504
 11    3        3.00402900       33.03917915       20.50702203        0.90056183
 12    3        2.82758590       95.81361955       16.52804761        0.91510903
 13    2        3.00569040       18.50194033       35.81076982        1.10494276
 14    3        2.82758590       18.50194033       14.69159787        0.91510903
 15    3        3.00402900       81.27638072       38.87151937        0.90056183
 16    3        2.82758590       98.45675388       44.99301849        0.91510903
 17    1        1.75000000       55.50582098       10.71262345        1.26847768
 18    7        4.49813300       21.80585824       27.24067106        0.18630240
 19    2        3.00569040       13.87645525        9.79439858        1.10494276
 20    7        4.23778750       61.45287323       40.70796911        0.17865857
 21    2        2.89589180       44.93328365       42.54441884        1.10750419
 22    7        4.92185880      103.74302255       12.24299823        0.19230703
 23    2        3.02835400        7.92940300       34.58646999        1.09970170
 24    3        3.00402900       20.48429108       46.52339327        0.90056183
 25    4        3.21905940      103.08223896       21.11917194        0.73305648
 26    2        3.00569040        1.32156717       21.42524690        1.10494276
 27    9        4.41237850       35.02152990       29.07712079       -0.18676384
 28    3        3.00402900       15.85880599       42.54441884        0.90056183
 29    2        2.97661120       50.88033590       46.52339327        1.10750419
 30    7        4.78649100       41.62936574       22.34347177        0.18388096
 31    2        2.89589180       61.45287323       26.93459610        1.10750419
 32    7        4.23778750       25.77055974       17.44627247        0.17865857
 33    7        4.24008530       81.27638072       26.93459610        0.18249841
 34    3        3.00402900       56.16660456       33.36217017        0.90056183
 35    4        3.21905940       78.63324639       18.97664725        0.73305648
 36    2        3.00569040       27.75291049       42.54441884        1.10494276
 37    4        3.09045000       53.52347023       17.75234743        0.73606268
 38    3        3.00402900       62.77444039       33.05609522        0.90056183
 39    3        2.82758590       23.12742541       10.71262345        0.91510903
 40    4        3.66841450       55.93509926        2.54299059        0.72210192
 41   81        9.02105710       39.13365455        5.44042564      -13.95633842
 42  186       10.76470365       76.09628531        2.27447907      -34.21276644
 43   12        5.01579170        8.09459889       16.65557884       -0.74987054
 44   18        5.86625470       94.54211175       30.51474558       -1.88406645
 45    1        1.75000000       13.21567166       27.24067106        1.27978542
 46    1        1.75000000       15.19802241       22.34347177        1.27704391
 47    9        4.41237850       61.81997522       17.82036409       -0.18676384
 48    8        4.62297070       71.36462697       35.19861991        0.00000000

step =          95     # clusters =  49          # atoms 482 
 Ind    Pt               R               X               Y               E
  0    3        3.00402900       27.75291049       34.89254495        0.90056183
  1    2        2.89589180        7.92940300       40.70796911        1.10750419
  2    1        1.75000000       53.52347023       38.87151937        1.26547802
  3    6        4.14230440      105.06458971       29.38319575        0.36589531
  4    6        4.14230440       72.02541056       26.01637123        0.36589531
  5    8        4.58831570       52.20190306       25.40422132        0.00707852
  6    7        4.24008530       86.56264939       16.83412256        0.18249841
  7    8        4.58831570       37.00388065       39.17759433        0.00707852
  8    6        4.23008660       87.22343297       43.15656875        0.37585195
  9    2        3.00569040      105.06458971       46.21731831        1.10494276
 10    3        2.98515040       46.25485082       32.75002026        0.91199504
 11    3        3.00402900       33.03917915       20.50702203        0.90056183
 12    3        2.82758590       95.81361955       16.52804761        0.91510903
 13    2        3.00569040       18.50194033       35.81076982        1.10494276
 14    3        2.82758590       18.50194033       14.69159787        0.91510903
 15    3        3.00402900       81.27638072       38.87151937        0.90056183
 16    3        2.82758590       98.45675388       44.99301849        0.91510903
 17    1        1.75000000       55.50582098       10.71262345        1.26847768
 18    7        4.49813300       21.80585824       27.24067106        0.18630240
 19    2        3.00569040       13.87645525        9.79439858        1.10494276
 20    7        4.23778750       61.45287323       40.70796911        0.17865857
 21    2        2.89589180       44.93328365       42.54441884        1.10750419
 22    7        4.92185880      103.74302255       12.24299823        0.19230703
 23    2        3.02835400        7.92940300       34.58646999        1.09970170
 24    3        3.00402900       20.48429108       46.52339327        0.90056183
 25    4        3.21905940      103.08223896       21.11917194        0.73305648
 26    2        3.00569040        1.32156717       21.42524690        1.10494276
 27    9        4.41237850       35.02152990       29.07712079       -0.18676384
 28    3        3.00402900       15.85880599       42.54441884        0.90056183
 29    2        2.97661120       50.88033590       46.52339327        1.10750419
 30    7        4.78649100       41.62936574       22.34347177        0.18388096
 31    2        2.89589180       61.45287323       26.93459610        1.10750419
 32    7        4.23778750       25.77055974       17.44627247        0.17865857
 33    7        4.24008530       81.27638072       26.93459610        0.18249841
 34    3        3.00402900       56.16660456       33.36217017        0.90056183
 35    4        3.21905940       78.63324639       18.97664725        0.73305648
 36    2        3.00569040       27.75291049       42.54441884        1.10494276
 37    4        3.09045000       53.52347023       17.75234743        0.73606268
 38    3        3.00402900       62.77444039       33.05609522        0.90056183
 39    3        2.82758590       23.12742541       10.71262345        0.91510903
 40    4        3.66841450       55.93509926        2.54299059        0.72210192
 41   81        9.02105710       39.13365455        5.44042564      -13.95633842
 42  186       10.76470365       76.09628531        2.27447907      -34.21276644
 43   12        5.01579170        8.09459889       16.65557884       -0.74987054
 44   18        5.86625470       94.54211175       30.51474558       -1.88406645
 45    1        1.75000000       13.21567166       27.24067106        1.27978542
 46    1        1.75000000       15.19802241       22.34347177        1.27704391
 47    9        4.41237850       61.81997522       17.82036409       -0.18676384
 48    8        4.62297070       71.36462697       35.19861991        0.00000000

step =          96     # clusters =  49          # atoms 482 
 Ind    Pt               R               X               Y               E
  0    3        3.00402900       27.75291049       34.89254495        0.90056183
  1    2        2.89589180        7.92940300       40.70796911        1.10750419
  2    1        1.75000000       53.52347023       38.87151937        1.26547802
  3    6        4.14230440      105.06458971       29.38319575        0.36589531
  4    6        4.14230440       72.02541056       26.01637123        0.36589531
  5    8        4.58831570       52.20190306       25.40422132        0.00707852
  6    7        4.24008530       86.56264939       16.83412256        0.18249841
  7    8        4.58831570       37.00388065       39.17759433        0.00707852
  8    6        4.23008660       87.22343297       43.15656875        0.37585195
  9    2        3.00569040      105.06458971       46.21731831        1.10494276
 10    3        2.98515040       46.25485082       32.75002026        0.91199504
 11    3        3.00402900       33.03917915       20.50702203        0.90056183
 12    3        2.82758590       95.81361955       16.52804761        0.91510903
 13    2        3.00569040       18.50194033       35.81076982        1.10494276
 14    3        2.82758590       18.50194033       14.69159787        0.91510903
 15    3        3.00402900       81.27638072       38.87151937        0.90056183
 16    3        2.82758590       98.45675388       44.99301849        0.91510903
 17    1        1.75000000       55.50582098       10.71262345        1.26847768
 18    7        4.49813300       21.80585824       27.24067106        0.18630240
 19    2        3.00569040       13.87645525        9.79439858        1.10494276
 20    7        4.23778750       61.45287323       40.70796911        0.17865857
 21    2        2.89589180       44.93328365       42.54441884        1.10750419
 22    7        4.92185880      103.74302255       12.24299823        0.19230703
 23    2        3.02835400        7.92940300       34.58646999        1.09970170
 24    3        3.00402900       20.48429108       46.52339327        0.90056183
 25    4        3.21905940      103.08223896       21.11917194        0.73305648
 26    2        3.00569040        1.32156717       21.42524690        1.10494276
 27    9        4.41237850       35.02152990       29.07712079       -0.18676384
 28    3        3.00402900       15.85880599       42.54441884        0.90056183
 29    2        2.97661120       50.88033590       46.52339327        1.10750419
 30    7        4.78649100       41.62936574       22.34347177        0.18388096
 31    2        2.89589180       61.45287323       26.93459610        1.10750419
 32    7        4.23778750       25.77055974       17.44627247        0.17865857
 33    7        4.24008530       81.27638072       26.93459610        0.18249841
 34    3        3.00402900       56.16660456       33.36217017        0.90056183
 35    4        3.21905940       78.63324639       18.97664725        0.73305648
 36    2        3.00569040       27.75291049       42.54441884        1.10494276
 37    4        3.09045000       53.52347023       17.75234743        0.73606268
 38    3        3.00402900       62.77444039       33.05609522        0.90056183
 39    3        2.82758590       23.12742541       10.71262345        0.91510903
 40    4        3.66841450       55.93509926        2.54299059        0.72210192
 41   81        9.02105710       39.13365455        5.44042564      -13.95633842
 42  186       10.76470365       76.09628531        2.27447907      -34.21276644
 43   12        5.01579170        8.09459889       16.65557884       -0.74987054
 44   18        5.86625470       94.54211175       30.51474558       -1.88406645
 45    1        1.75000000       13.21567166       27.24067106        1.27978542
 46    1        1.75000000       15.19802241       22.34347177        1.27704391
 47    9        4.41237850       61.81997522       17.82036409       -0.18676384
 48    8        4.62297070       71.36462697       35.19861991        0.00000000

step =          97     # clusters =  49          # atoms 482 
 Ind    Pt               R               X               Y               E
  0    3        3.00402900       27.75291049       34.89254495        0.90056183
  1    2        2.89589180        7.92940300       40.70796911        1.10750419
  2    1        1.75000000       53.52347023       38.87151937        1.26547802
  3    6        4.14230440      105.06458971       29.38319575        0.36589531
  4    6        4.14230440       72.02541056       26.01637123        0.36589531
  5    8        4.58831570       52.20190306       25.40422132        0.00707852
  6    7        4.24008530       86.56264939       16.83412256        0.18249841
  7    8        4.58831570       37.00388065       39.17759433        0.00707852
  8    6        4.23008660       87.22343297       43.15656875        0.37585195
  9    2        3.00569040      105.06458971       46.21731831        1.10494276
 10    3        2.98515040       46.25485082       32.75002026        0.91199504
 11    3        3.00402900       33.03917915       20.50702203        0.90056183
 12    3        2.82758590       95.81361955       16.52804761        0.91510903
 13    2        3.00569040       18.50194033       35.81076982        1.10494276
 14    3        2.82758590       18.50194033       14.69159787        0.91510903
 15    3        3.00402900       81.27638072       38.87151937        0.90056183
 16    3        2.82758590       98.45675388       44.99301849        0.91510903
 17    1        1.75000000       55.50582098       10.71262345        1.26847768
 18    7        4.49813300       21.80585824       27.24067106        0.18630240
 19    2        3.00569040       13.87645525        9.79439858        1.10494276
 20    7        4.23778750       61.45287323       40.70796911        0.17865857
 21    2        2.89589180       44.93328365       42.54441884        1.10750419
 22    7        4.92185880      103.74302255       12.24299823        0.19230703
 23    2        3.02835400        7.92940300       34.58646999        1.09970170
 24    3        3.00402900       20.48429108       46.52339327        0.90056183
 25    4        3.21905940      103.08223896       21.11917194        0.73305648
 26    2        3.00569040        1.32156717       21.42524690        1.10494276
 27    9        4.41237850       35.02152990       29.07712079       -0.18676384
 28    3        3.00402900       15.85880599       42.54441884        0.90056183
 29    2        2.97661120       50.88033590       46.52339327        1.10750419
 30    7        4.78649100       41.62936574       22.34347177        0.18388096
 31    2        2.89589180       61.45287323       26.93459610        1.10750419
 32    7        4.23778750       25.77055974       17.44627247        0.17865857
 33    7        4.24008530       81.27638072       26.93459610        0.18249841
 34    3        3.00402900       56.16660456       33.36217017        0.90056183
 35    4        3.21905940       78.63324639       18.97664725        0.73305648
 36    2        3.00569040       27.75291049       42.54441884        1.10494276
 37    4        3.09045000       53.52347023       17.75234743        0.73606268
 38    3        3.00402900       62.77444039       33.05609522        0.90056183
 39    3        2.82758590       23.12742541       10.71262345        0.91510903
 40    4        3.66841450       55.93509926        2.54299059        0.72210192
 41   81        9.02105710       39.13365455        5.44042564      -13.95633842
 42  186       10.76470365       76.09628531        2.27447907      -34.21276644
 43   12        5.01579170        8.09459889       16.65557884       -0.74987054
 44   18        5.86625470       94.54211175       30.51474558       -1.88406645
 45    1        1.75000000       13.21567166       27.24067106        1.27978542
 46    1        1.75000000       15.19802241       22.34347177        1.27704391
 47    9        4.41237850       61.81997522       17.82036409       -0.18676384
 48    8        4.62297070       71.36462697       35.19861991        0.00000000

step =          98     # clusters =  49          # atoms 482 
 Ind    Pt               R               X               Y               E
  0    3        3.00402900       27.75291049       34.89254495        0.90056183
  1    2        2.89589180        7.92940300       40.70796911        1.10750419
  2    1        1.75000000       53.52347023       38.87151937        1.26547802
  3    6        4.14230440      105.06458971       29.38319575        0.36589531
  4    6        4.14230440       72.02541056       26.01637123        0.36589531
  5    8        4.58831570       52.20190306       25.40422132        0.00707852
  6    7        4.24008530       86.56264939       16.83412256        0.18249841
  7    8        4.58831570       37.00388065       39.17759433        0.00707852
  8    6        4.23008660       87.22343297       43.15656875        0.37585195
  9    2        3.00569040      105.06458971       46.21731831        1.10494276
 10    3        2.98515040       46.25485082       32.75002026        0.91199504
 11    3        3.00402900       33.03917915       20.50702203        0.90056183
 12    3        2.82758590       95.81361955       16.52804761        0.91510903
 13    2        3.00569040       18.50194033       35.81076982        1.10494276
 14    3        2.82758590       18.50194033       14.69159787        0.91510903
 15    3        3.00402900       81.27638072       38.87151937        0.90056183
 16    3        2.82758590       98.45675388       44.99301849        0.91510903
 17    1        1.75000000       55.50582098       10.71262345        1.26847768
 18    7        4.49813300       21.80585824       27.24067106        0.18630240
 19    2        3.00569040       13.87645525        9.79439858        1.10494276
 20    7        4.23778750       61.45287323       40.70796911        0.17865857
 21    2        2.89589180       44.93328365       42.54441884        1.10750419
 22    7        4.92185880      103.74302255       12.24299823        0.19230703
 23    2        3.02835400        7.92940300       34.58646999        1.09970170
 24    3        3.00402900       20.48429108       46.52339327        0.90056183
 25    4        3.21905940      103.08223896       21.11917194        0.73305648
 26    2        3.00569040        1.32156717       21.42524690        1.10494276
 27    9        4.41237850       35.02152990       29.07712079       -0.18676384
 28    3        3.00402900       15.85880599       42.54441884        0.90056183
 29    2        2.97661120       50.88033590       46.52339327        1.10750419
 30    7        4.78649100       41.62936574       22.34347177        0.18388096
 31    2        2.89589180       61.45287323       26.93459610        1.10750419
 32    7        4.23778750       25.77055974       17.44627247        0.17865857
 33    7        4.24008530       81.27638072       26.93459610        0.18249841
 34    3        3.00402900       56.16660456       33.36217017        0.90056183
 35    4        3.21905940       78.63324639       18.97664725        0.73305648
 36    2        3.00569040       27.75291049       42.54441884        1.10494276
 37    4        3.09045000       53.52347023       17.75234743        0.73606268
 38    3        3.00402900       62.77444039       33.05609522        0.90056183
 39    3        2.82758590       23.12742541       10.71262345        0.91510903
 40    4        3.66841450       55.93509926        2.54299059        0.72210192
 41   81        9.02105710       39.13365455        5.44042564      -13.95633842
 42  186       10.76470365       76.09628531        2.27447907      -34.21276644
 43   12        5.01579170        8.09459889       16.65557884       -0.74987054
 44   18        5.86625470       94.54211175       30.51474558       -1.88406645
 45    1        1.75000000       13.21567166       27.24067106        1.27978542
 46    1        1.75000000       15.19802241       22.34347177        1.27704391
 47    9        4.41237850       61.81997522       17.82036409       -0.18676384
 48    8        4.62297070       71.36462697       35.19861991        0.00000000

step =          99     # clusters =  49          # atoms 482 
 Ind    Pt               R               X               Y               E
  0    3        3.00402900       27.75291049       34.89254495        0.90056183
  1    2        2.89589180        7.92940300       40.70796911        1.10750419
  2    1        1.75000000       53.52347023       38.87151937        1.26547802
  3    6        4.14230440      105.06458971       29.38319575        0.36589531
  4    6        4.14230440       72.02541056       26.01637123        0.36589531
  5    8        4.58831570       52.20190306       25.40422132        0.00707852
  6    7        4.24008530       86.56264939       16.83412256        0.18249841
  7    8        4.58831570       37.00388065       39.17759433        0.00707852
  8    6        4.23008660       87.22343297       43.15656875        0.37585195
  9    2        3.00569040      105.06458971       46.21731831        1.10494276
 10    3        2.98515040       46.25485082       32.75002026        0.91199504
 11    3        3.00402900       33.03917915       20.50702203        0.90056183
 12    3        2.82758590       95.81361955       16.52804761        0.91510903
 13    2        3.00569040       18.50194033       35.81076982        1.10494276
 14    3        2.82758590       18.50194033       14.69159787        0.91510903
 15    3        3.00402900       81.27638072       38.87151937        0.90056183
 16    3        2.82758590       98.45675388       44.99301849        0.91510903
 17    1        1.75000000       55.50582098       10.71262345        1.26847768
 18    7        4.49813300       21.80585824       27.24067106        0.18630240
 19    2        3.00569040       13.87645525        9.79439858        1.10494276
 20    7        4.23778750       61.45287323       40.70796911        0.17865857
 21    2        2.89589180       44.93328365       42.54441884        1.10750419
 22    7        4.92185880      103.74302255       12.24299823        0.19230703
 23    2        3.02835400        7.92940300       34.58646999        1.09970170
 24    3        3.00402900       20.48429108       46.52339327        0.90056183
 25    4        3.21905940      103.08223896       21.11917194        0.73305648
 26    2        3.00569040        1.32156717       21.42524690        1.10494276
 27    9        4.41237850       35.02152990       29.07712079       -0.18676384
 28    3        3.00402900       15.85880599       42.54441884        0.90056183
 29    2        2.97661120       50.88033590       46.52339327        1.10750419
 30    7        4.78649100       41.62936574       22.34347177        0.18388096
 31    2        2.89589180       61.45287323       26.93459610        1.10750419
 32    7        4.23778750       25.77055974       17.44627247        0.17865857
 33    7        4.24008530       81.27638072       26.93459610        0.18249841
 34    3        3.00402900       56.16660456       33.36217017        0.90056183
 35    4        3.21905940       78.63324639       18.97664725        0.73305648
 36    2        3.00569040       27.75291049       42.54441884        1.10494276
 37    4        3.09045000       53.52347023       17.75234743        0.73606268
 38    3        3.00402900       62.77444039       33.05609522        0.90056183
 39    3        2.82758590       23.12742541       10.71262345        0.91510903
 40    4        3.66841450       55.93509926        2.54299059        0.72210192
 41   81        9.02105710       39.13365455        5.44042564      -13.95633842
 42  186       10.76470365       76.09628531        2.27447907      -34.21276644
 43   12        5.01579170        8.09459889       16.65557884       -0.74987054
 44   18        5.86625470       94.54211175       30.51474558       -1.88406645
 45    1        1.75000000       13.21567166       27.24067106        1.27978542
 46    1        1.75000000       15.19802241       22.34347177        1.27704391
 47    9        4.41237850       61.81997522       17.82036409       -0.18676384
 48    8        4.62297070       71.36462697       35.19861991        0.00000000

step =         100     # clusters =  49          # atoms 482 
 Ind    Pt               R               X               Y               E
  0    3        3.00402900       27.75291049       34.89254495        0.90056183
  1    2        2.89589180        7.92940300       40.70796911        1.10750419
  2    1        1.75000000       53.52347023       38.87151937        1.26547802
  3    6        4.14230440      105.06458971       29.38319575        0.36589531
  4    6        4.14230440       72.02541056       26.01637123        0.36589531
  5    8        4.58831570       52.20190306       25.40422132        0.00707852
  6    7        4.24008530       86.56264939       16.83412256        0.18249841
  7    8        4.58831570       37.00388065       39.17759433        0.00707852
  8    6        4.23008660       87.22343297       43.15656875        0.37585195
  9    2        3.00569040      105.06458971       46.21731831        1.10494276
 10    3        2.98515040       46.25485082       32.75002026        0.91199504
 11    3        3.00402900       33.03917915       20.50702203        0.90056183
 12    3        2.82758590       95.81361955       16.52804761        0.91510903
 13    2        3.00569040       18.50194033       35.81076982        1.10494276
 14    3        2.82758590       18.50194033       14.69159787        0.91510903
 15    3        3.00402900       81.27638072       38.87151937        0.90056183
 16    3        2.82758590       98.45675388       44.99301849        0.91510903
 17    1        1.75000000       55.50582098       10.71262345        1.26847768
 18    7        4.49813300       21.80585824       27.24067106        0.18630240
 19    2        3.00569040       13.87645525        9.79439858        1.10494276
 20    7        4.23778750       61.45287323       40.70796911        0.17865857
 21    2        2.89589180       44.93328365       42.54441884        1.10750419
 22    7        4.92185880      103.74302255       12.24299823        0.19230703
 23    2        3.02835400        7.92940300       34.58646999        1.09970170
 24    3        3.00402900       20.48429108       46.52339327        0.90056183
 25    4        3.21905940      103.08223896       21.11917194        0.73305648
 26    2        3.00569040        1.32156717       21.42524690        1.10494276
 27    9        4.41237850       35.02152990       29.07712079       -0.18676384
 28    3        3.00402900       15.85880599       42.54441884        0.90056183
 29    2        2.97661120       50.88033590       46.52339327        1.10750419
 30    7        4.78649100       41.62936574       22.34347177        0.18388096
 31    2        2.89589180       61.45287323       26.93459610        1.10750419
 32    7        4.23778750       25.77055974       17.44627247        0.17865857
 33    7        4.24008530       81.27638072       26.93459610        0.18249841
 34    3        3.00402900       56.16660456       33.36217017        0.90056183
 35    4        3.21905940       78.63324639       18.97664725        0.73305648
 36    2        3.00569040       27.75291049       42.54441884        1.10494276
 37    4        3.09045000       53.52347023       17.75234743        0.73606268
 38    3        3.00402900       62.77444039       33.05609522        0.90056183
 39    3        2.82758590       23.12742541       10.71262345        0.91510903
 40    4        3.66841450       55.93509926        2.54299059        0.72210192
 41   81        9.02105710       39.13365455        5.44042564      -13.95633842
 42  186       10.76470365       76.09628531        2.27447907      -34.21276644
 43   12        5.01579170        8.09459889       16.65557884       -0.74987054
 44   18        5.86625470       94.54211175       30.51474558       -1.88406645
 45    1        1.75000000       13.21567166       27.24067106        1.27978542
 46    1        1.75000000       15.19802241       22.34347177        1.27704391
 47    9        4.41237850       61.81997522       17.82036409       -0.18676384
 48    8        4.62297070       71.36462697       35.19861991        0.00000000

